[{"model": "auth.permission", "pk": 1, "fields": {"name": "Can add log entry", "content_type": 1, "codename": "add_logentry"}}, {"model": "auth.permission", "pk": 2, "fields": {"name": "Can change log entry", "content_type": 1, "codename": "change_logentry"}}, {"model": "auth.permission", "pk": 3, "fields": {"name": "Can delete log entry", "content_type": 1, "codename": "delete_logentry"}}, {"model": "auth.permission", "pk": 4, "fields": {"name": "Can add permission", "content_type": 2, "codename": "add_permission"}}, {"model": "auth.permission", "pk": 5, "fields": {"name": "Can change permission", "content_type": 2, "codename": "change_permission"}}, {"model": "auth.permission", "pk": 6, "fields": {"name": "Can delete permission", "content_type": 2, "codename": "delete_permission"}}, {"model": "auth.permission", "pk": 7, "fields": {"name": "Can add group", "content_type": 3, "codename": "add_group"}}, {"model": "auth.permission", "pk": 8, "fields": {"name": "Can change group", "content_type": 3, "codename": "change_group"}}, {"model": "auth.permission", "pk": 9, "fields": {"name": "Can delete group", "content_type": 3, "codename": "delete_group"}}, {"model": "auth.permission", "pk": 10, "fields": {"name": "Can add user", "content_type": 4, "codename": "add_user"}}, {"model": "auth.permission", "pk": 11, "fields": {"name": "Can change user", "content_type": 4, "codename": "change_user"}}, {"model": "auth.permission", "pk": 12, "fields": {"name": "Can delete user", "content_type": 4, "codename": "delete_user"}}, {"model": "auth.permission", "pk": 13, "fields": {"name": "Can add content type", "content_type": 5, "codename": "add_contenttype"}}, {"model": "auth.permission", "pk": 14, "fields": {"name": "Can change content type", "content_type": 5, "codename": "change_contenttype"}}, {"model": "auth.permission", "pk": 15, "fields": {"name": "Can delete content type", "content_type": 5, "codename": "delete_contenttype"}}, {"model": "auth.permission", "pk": 16, "fields": {"name": "Can add session", "content_type": 6, "codename": "add_session"}}, {"model": "auth.permission", "pk": 17, "fields": {"name": "Can change session", "content_type": 6, "codename": "change_session"}}, {"model": "auth.permission", "pk": 18, "fields": {"name": "Can delete session", "content_type": 6, "codename": "delete_session"}}, {"model": "auth.permission", "pk": 19, "fields": {"name": "Can add id provider", "content_type": 7, "codename": "add_idprovider"}}, {"model": "auth.permission", "pk": 20, "fields": {"name": "Can change id provider", "content_type": 7, "codename": "change_idprovider"}}, {"model": "auth.permission", "pk": 21, "fields": {"name": "Can delete id provider", "content_type": 7, "codename": "delete_idprovider"}}, {"model": "auth.permission", "pk": 22, "fields": {"name": "Can add skos concept", "content_type": 8, "codename": "add_skosconcept"}}, {"model": "auth.permission", "pk": 23, "fields": {"name": "Can change skos concept", "content_type": 8, "codename": "change_skosconcept"}}, {"model": "auth.permission", "pk": 24, "fields": {"name": "Can delete skos concept", "content_type": 8, "codename": "delete_skosconcept"}}, {"model": "auth.permission", "pk": 25, "fields": {"name": "Can add skos concept scheme", "content_type": 9, "codename": "add_skosconceptscheme"}}, {"model": "auth.permission", "pk": 26, "fields": {"name": "Can change skos concept scheme", "content_type": 9, "codename": "change_skosconceptscheme"}}, {"model": "auth.permission", "pk": 27, "fields": {"name": "Can delete skos concept scheme", "content_type": 9, "codename": "delete_skosconceptscheme"}}, {"model": "auth.permission", "pk": 28, "fields": {"name": "Can add skos label", "content_type": 10, "codename": "add_skoslabel"}}, {"model": "auth.permission", "pk": 29, "fields": {"name": "Can change skos label", "content_type": 10, "codename": "change_skoslabel"}}, {"model": "auth.permission", "pk": 30, "fields": {"name": "Can delete skos label", "content_type": 10, "codename": "delete_skoslabel"}}, {"model": "auth.permission", "pk": 31, "fields": {"name": "Can add skos namespace", "content_type": 11, "codename": "add_skosnamespace"}}, {"model": "auth.permission", "pk": 32, "fields": {"name": "Can change skos namespace", "content_type": 11, "codename": "change_skosnamespace"}}, {"model": "auth.permission", "pk": 33, "fields": {"name": "Can delete skos namespace", "content_type": 11, "codename": "delete_skosnamespace"}}, {"model": "auth.permission", "pk": 34, "fields": {"name": "Can add alternative name", "content_type": 12, "codename": "add_alternativename"}}, {"model": "auth.permission", "pk": 35, "fields": {"name": "Can change alternative name", "content_type": 12, "codename": "change_alternativename"}}, {"model": "auth.permission", "pk": 36, "fields": {"name": "Can delete alternative name", "content_type": 12, "codename": "delete_alternativename"}}, {"model": "auth.permission", "pk": 37, "fields": {"name": "Can add place", "content_type": 13, "codename": "add_place"}}, {"model": "auth.permission", "pk": 38, "fields": {"name": "Can change place", "content_type": 13, "codename": "change_place"}}, {"model": "auth.permission", "pk": 39, "fields": {"name": "Can delete place", "content_type": 13, "codename": "delete_place"}}, {"model": "auth.permission", "pk": 40, "fields": {"name": "Can add book", "content_type": 14, "codename": "add_book"}}, {"model": "auth.permission", "pk": 41, "fields": {"name": "Can change book", "content_type": 14, "codename": "change_book"}}, {"model": "auth.permission", "pk": 42, "fields": {"name": "Can delete book", "content_type": 14, "codename": "delete_book"}}, {"model": "auth.permission", "pk": 43, "fields": {"name": "Can add part of quote", "content_type": 15, "codename": "add_partofquote"}}, {"model": "auth.permission", "pk": 44, "fields": {"name": "Can change part of quote", "content_type": 15, "codename": "change_partofquote"}}, {"model": "auth.permission", "pk": 45, "fields": {"name": "Can delete part of quote", "content_type": 15, "codename": "delete_partofquote"}}, {"model": "auth.permission", "pk": 46, "fields": {"name": "Can add person", "content_type": 16, "codename": "add_person"}}, {"model": "auth.permission", "pk": 47, "fields": {"name": "Can change person", "content_type": 16, "codename": "change_person"}}, {"model": "auth.permission", "pk": 48, "fields": {"name": "Can delete person", "content_type": 16, "codename": "delete_person"}}, {"model": "auth.permission", "pk": 49, "fields": {"name": "Can add quote", "content_type": 17, "codename": "add_quote"}}, {"model": "auth.permission", "pk": 50, "fields": {"name": "Can change quote", "content_type": 17, "codename": "change_quote"}}, {"model": "auth.permission", "pk": 51, "fields": {"name": "Can delete quote", "content_type": 17, "codename": "delete_quote"}}, {"model": "auth.permission", "pk": 52, "fields": {"name": "Can add speaker", "content_type": 18, "codename": "add_speaker"}}, {"model": "auth.permission", "pk": 53, "fields": {"name": "Can change speaker", "content_type": 18, "codename": "change_speaker"}}, {"model": "auth.permission", "pk": 54, "fields": {"name": "Can delete speaker", "content_type": 18, "codename": "delete_speaker"}}, {"model": "auth.permission", "pk": 55, "fields": {"name": "Can add work", "content_type": 19, "codename": "add_work"}}, {"model": "auth.permission", "pk": 56, "fields": {"name": "Can change work", "content_type": 19, "codename": "change_work"}}, {"model": "auth.permission", "pk": 57, "fields": {"name": "Can delete work", "content_type": 19, "codename": "delete_work"}}, {"model": "auth.permission", "pk": 58, "fields": {"name": "Can add query", "content_type": 20, "codename": "add_query"}}, {"model": "auth.permission", "pk": 59, "fields": {"name": "Can change query", "content_type": 20, "codename": "change_query"}}, {"model": "auth.permission", "pk": 60, "fields": {"name": "Can delete query", "content_type": 20, "codename": "delete_query"}}, {"model": "auth.permission", "pk": 61, "fields": {"name": "Can add sparql config", "content_type": 21, "codename": "add_sparqlconfig"}}, {"model": "auth.permission", "pk": 62, "fields": {"name": "Can change sparql config", "content_type": 21, "codename": "change_sparqlconfig"}}, {"model": "auth.permission", "pk": 63, "fields": {"name": "Can delete sparql config", "content_type": 21, "codename": "delete_sparqlconfig"}}, {"model": "auth.permission", "pk": 64, "fields": {"name": "Can add news feed", "content_type": 22, "codename": "add_newsfeed"}}, {"model": "auth.permission", "pk": 65, "fields": {"name": "Can change news feed", "content_type": 22, "codename": "change_newsfeed"}}, {"model": "auth.permission", "pk": 66, "fields": {"name": "Can delete news feed", "content_type": 22, "codename": "delete_newsfeed"}}, {"model": "auth.permission", "pk": 67, "fields": {"name": "Can add german lemma", "content_type": 23, "codename": "add_germanlemma"}}, {"model": "auth.permission", "pk": 68, "fields": {"name": "Can change german lemma", "content_type": 23, "codename": "change_germanlemma"}}, {"model": "auth.permission", "pk": 69, "fields": {"name": "Can delete german lemma", "content_type": 23, "codename": "delete_germanlemma"}}, {"model": "auth.permission", "pk": 70, "fields": {"name": "Can add foreign lemma", "content_type": 24, "codename": "add_foreignlemma"}}, {"model": "auth.permission", "pk": 71, "fields": {"name": "Can change foreign lemma", "content_type": 24, "codename": "change_foreignlemma"}}, {"model": "auth.permission", "pk": 72, "fields": {"name": "Can delete foreign lemma", "content_type": 24, "codename": "delete_foreignlemma"}}, {"model": "auth.user", "pk": 1, "fields": {"password": "pbkdf2_sha256$36000$vmfEXGXEp5cp$gekh/uT/yXUXw+r2Z+bf4srhOnTVCT0BcmloGUQCCIM=", "last_login": "2017-10-26T15:49:42Z", "is_superuser": true, "username": "vhannes", "first_name": "", "last_name": "", "email": "", "is_staff": true, "is_active": true, "date_joined": "2017-10-24T09:59:34Z", "groups": [], "user_permissions": []}}, {"model": "auth.user", "pk": 2, "fields": {"password": "pbkdf2_sha256$36000$FO4GLJcs7hM9$hvvrsLg78dpA7BliWNDMK5DFZ0lcTMKABs2+Ph4mpNk=", "last_login": "2017-10-25T10:20:48Z", "is_superuser": true, "username": "pandorfer", "first_name": "", "last_name": "", "email": "", "is_staff": true, "is_active": true, "date_joined": "2017-10-25T08:15:20Z", "groups": [], "user_permissions": []}}, {"model": "sessions.session", "pk": "3si9kbvtbm49u9rv2y9k9kqvme3k73fl", "fields": {"session_data": "MDY1ZWE5YTg4MTlmZjVhODZlOTZmZWYxZjQyNjRmZWJkOWEyMTExZjp7Il9hdXRoX3VzZXJfaWQiOiIxIiwiX2F1dGhfdXNlcl9iYWNrZW5kIjoiZGphbmdvLmNvbnRyaWIuYXV0aC5iYWNrZW5kcy5Nb2RlbEJhY2tlbmQiLCJfYXV0aF91c2VyX2hhc2giOiIxYzQ4OTkzMzVkNzI3ZjdlNmJhMjllMDU3NTBiMzExNDM3ODM3ZWM4In0=", "expire_date": "2017-11-07T09:59:52Z"}}, {"model": "sessions.session", "pk": "64zl0s1uo6fd21p7jerj148thi3a0c7y", "fields": {"session_data": "ODY2OTI0ZjRmYjA5NDk5ZTIwNmJhNjY0ZDY5M2M3OWI5Y2ViZmFjOTp7Il9hdXRoX3VzZXJfaGFzaCI6ImNjNDE2NzEwMjI5OWQzY2VjYjk0YWYwYzAyMmJmYzU4MzgwOTU4OWIiLCJfYXV0aF91c2VyX2lkIjoiMSIsIl9hdXRoX3VzZXJfYmFja2VuZCI6ImRqYW5nby5jb250cmliLmF1dGguYmFja2VuZHMuTW9kZWxCYWNrZW5kIn0=", "expire_date": "2017-11-09T15:49:42Z"}}, {"model": "sessions.session", "pk": "d8lsfsm9batc4jsyltlrns86c4qt24o3", "fields": {"session_data": "ZGRhYTRkMzlkOGJkN2M3MTc4NzVmYmEwNzAxZGM3YzUwNjNlZjI4Njp7Il9hdXRoX3VzZXJfaWQiOiIyIiwiX2F1dGhfdXNlcl9oYXNoIjoiZGM2ZDRkZjBmYmU1YWFjMTg2NDk4N2Y0MGVmZmM3ZDBiYmQ5MmUyZiIsIl9hdXRoX3VzZXJfYmFja2VuZCI6ImRqYW5nby5jb250cmliLmF1dGguYmFja2VuZHMuTW9kZWxCYWNrZW5kIn0=", "expire_date": "2017-11-08T09:36:52Z"}}, {"model": "sessions.session", "pk": "p9nm50v33avbe8rv8lw0b2xjps7q5ibt", "fields": {"session_data": "ODY2OTI0ZjRmYjA5NDk5ZTIwNmJhNjY0ZDY5M2M3OWI5Y2ViZmFjOTp7Il9hdXRoX3VzZXJfaGFzaCI6ImNjNDE2NzEwMjI5OWQzY2VjYjk0YWYwYzAyMmJmYzU4MzgwOTU4OWIiLCJfYXV0aF91c2VyX2lkIjoiMSIsIl9hdXRoX3VzZXJfYmFja2VuZCI6ImRqYW5nby5jb250cmliLmF1dGguYmFja2VuZHMuTW9kZWxCYWNrZW5kIn0=", "expire_date": "2017-11-08T16:40:59Z"}}, {"model": "sessions.session", "pk": "sobetah2t0hy1xjd5qq14c5al6mfp5fe", "fields": {"session_data": "OGRhODkwMjY3YjdkMDc5OGZkNzc4Y2U3MjRlNTVhOWE3M2NmZGExZDp7Il9hdXRoX3VzZXJfaWQiOiIyIiwiX2F1dGhfdXNlcl9iYWNrZW5kIjoiZGphbmdvLmNvbnRyaWIuYXV0aC5iYWNrZW5kcy5Nb2RlbEJhY2tlbmQiLCJfYXV0aF91c2VyX2hhc2giOiI3OWRlYjg4NTJmMTllMWIwNjVhZTY3ZTIxOWJmOTNmNDJmOTkxMDNiIn0=", "expire_date": "2017-11-08T08:39:56Z"}}, {"model": "idprovider.idprovider", "pk": 1, "fields": {"created_at": "2017-10-24T10:15:00Z", "updated_at": "2017-10-24T10:15:00Z"}}, {"model": "idprovider.idprovider", "pk": 2, "fields": {"created_at": "2017-10-24T10:19:50Z", "updated_at": "2017-10-24T10:19:50Z"}}, {"model": "idprovider.idprovider", "pk": 3, "fields": {"created_at": "2017-10-24T10:21:20Z", "updated_at": "2017-10-24T12:35:29Z"}}, {"model": "idprovider.idprovider", "pk": 4, "fields": {"created_at": "2017-10-24T10:22:05Z", "updated_at": "2017-10-24T13:31:04Z"}}, {"model": "idprovider.idprovider", "pk": 5, "fields": {"created_at": "2017-10-24T10:26:53Z", "updated_at": "2017-10-25T09:36:10Z"}}, {"model": "idprovider.idprovider", "pk": 6, "fields": {"created_at": "2017-10-24T10:26:53Z", "updated_at": "2017-10-24T10:26:53Z"}}, {"model": "idprovider.idprovider", "pk": 7, "fields": {"created_at": "2017-10-24T10:27:25Z", "updated_at": "2017-10-24T10:27:25Z"}}, {"model": "idprovider.idprovider", "pk": 8, "fields": {"created_at": "2017-10-24T10:28:13Z", "updated_at": "2017-10-24T10:28:13Z"}}, {"model": "idprovider.idprovider", "pk": 9, "fields": {"created_at": "2017-10-24T10:28:41Z", "updated_at": "2017-10-24T10:28:41Z"}}, {"model": "idprovider.idprovider", "pk": 10, "fields": {"created_at": "2017-10-24T10:29:24Z", "updated_at": "2017-10-24T10:29:24Z"}}, {"model": "idprovider.idprovider", "pk": 11, "fields": {"created_at": "2017-10-24T10:40:53Z", "updated_at": "2017-10-24T12:35:14Z"}}, {"model": "idprovider.idprovider", "pk": 12, "fields": {"created_at": "2017-10-24T10:45:33Z", "updated_at": "2017-10-24T13:31:11Z"}}, {"model": "idprovider.idprovider", "pk": 13, "fields": {"created_at": "2017-10-24T10:49:21Z", "updated_at": "2017-10-24T10:49:21Z"}}, {"model": "idprovider.idprovider", "pk": 14, "fields": {"created_at": "2017-10-24T10:56:52Z", "updated_at": "2017-10-24T10:56:52Z"}}, {"model": "idprovider.idprovider", "pk": 15, "fields": {"created_at": "2017-10-24T10:56:59Z", "updated_at": "2017-10-24T10:56:59Z"}}, {"model": "idprovider.idprovider", "pk": 16, "fields": {"created_at": "2017-10-24T11:00:06Z", "updated_at": "2017-10-24T11:00:06Z"}}, {"model": "idprovider.idprovider", "pk": 17, "fields": {"created_at": "2017-10-24T11:00:30Z", "updated_at": "2017-10-24T12:35:05Z"}}, {"model": "idprovider.idprovider", "pk": 18, "fields": {"created_at": "2017-10-24T11:01:30Z", "updated_at": "2017-10-24T11:01:30Z"}}, {"model": "idprovider.idprovider", "pk": 19, "fields": {"created_at": "2017-10-24T11:07:43Z", "updated_at": "2017-10-24T11:07:43Z"}}, {"model": "idprovider.idprovider", "pk": 20, "fields": {"created_at": "2017-10-24T11:09:02Z", "updated_at": "2017-10-24T11:11:40Z"}}, {"model": "idprovider.idprovider", "pk": 21, "fields": {"created_at": "2017-10-24T11:09:20Z", "updated_at": "2017-10-24T11:09:20Z"}}, {"model": "idprovider.idprovider", "pk": 22, "fields": {"created_at": "2017-10-24T11:09:59Z", "updated_at": "2017-10-24T11:09:59Z"}}, {"model": "idprovider.idprovider", "pk": 23, "fields": {"created_at": "2017-10-24T11:10:07Z", "updated_at": "2017-10-24T12:01:57Z"}}, {"model": "idprovider.idprovider", "pk": 24, "fields": {"created_at": "2017-10-24T11:16:24Z", "updated_at": "2017-10-24T11:16:24Z"}}, {"model": "idprovider.idprovider", "pk": 25, "fields": {"created_at": "2017-10-24T11:17:07Z", "updated_at": "2017-10-24T11:17:07Z"}}, {"model": "idprovider.idprovider", "pk": 26, "fields": {"created_at": "2017-10-24T11:17:33Z", "updated_at": "2017-10-24T12:01:50Z"}}, {"model": "idprovider.idprovider", "pk": 27, "fields": {"created_at": "2017-10-24T11:18:02Z", "updated_at": "2017-10-24T11:18:02Z"}}, {"model": "idprovider.idprovider", "pk": 28, "fields": {"created_at": "2017-10-24T11:18:13Z", "updated_at": "2017-10-24T11:18:13Z"}}, {"model": "idprovider.idprovider", "pk": 29, "fields": {"created_at": "2017-10-24T11:18:57Z", "updated_at": "2017-10-24T12:01:44Z"}}, {"model": "idprovider.idprovider", "pk": 30, "fields": {"created_at": "2017-10-24T11:19:51Z", "updated_at": "2017-10-24T11:19:51Z"}}, {"model": "idprovider.idprovider", "pk": 31, "fields": {"created_at": "2017-10-24T11:20:30Z", "updated_at": "2017-10-24T11:20:30Z"}}, {"model": "idprovider.idprovider", "pk": 32, "fields": {"created_at": "2017-10-24T11:20:38Z", "updated_at": "2017-10-24T12:01:37Z"}}, {"model": "idprovider.idprovider", "pk": 33, "fields": {"created_at": "2017-10-24T11:22:35Z", "updated_at": "2017-10-24T11:22:35Z"}}, {"model": "idprovider.idprovider", "pk": 34, "fields": {"created_at": "2017-10-24T11:25:09Z", "updated_at": "2017-10-24T11:25:09Z"}}, {"model": "idprovider.idprovider", "pk": 35, "fields": {"created_at": "2017-10-24T11:25:49Z", "updated_at": "2017-10-24T11:25:49Z"}}, {"model": "idprovider.idprovider", "pk": 36, "fields": {"created_at": "2017-10-24T11:25:52Z", "updated_at": "2017-10-24T12:01:16Z"}}, {"model": "idprovider.idprovider", "pk": 37, "fields": {"created_at": "2017-10-24T11:26:32Z", "updated_at": "2017-10-24T11:26:32Z"}}, {"model": "idprovider.idprovider", "pk": 38, "fields": {"created_at": "2017-10-24T11:27:12Z", "updated_at": "2017-10-24T11:27:12Z"}}, {"model": "idprovider.idprovider", "pk": 39, "fields": {"created_at": "2017-10-24T11:27:24Z", "updated_at": "2017-10-24T12:00:46Z"}}, {"model": "idprovider.idprovider", "pk": 40, "fields": {"created_at": "2017-10-24T11:49:34Z", "updated_at": "2017-10-24T11:49:34Z"}}, {"model": "idprovider.idprovider", "pk": 41, "fields": {"created_at": "2017-10-24T11:50:07Z", "updated_at": "2017-10-24T11:50:07Z"}}, {"model": "idprovider.idprovider", "pk": 42, "fields": {"created_at": "2017-10-24T11:50:12Z", "updated_at": "2017-10-24T12:00:34Z"}}, {"model": "idprovider.idprovider", "pk": 43, "fields": {"created_at": "2017-10-24T11:50:47Z", "updated_at": "2017-10-24T11:50:47Z"}}, {"model": "idprovider.idprovider", "pk": 44, "fields": {"created_at": "2017-10-24T11:51:34Z", "updated_at": "2017-10-24T12:00:26Z"}}, {"model": "idprovider.idprovider", "pk": 45, "fields": {"created_at": "2017-10-24T11:52:02Z", "updated_at": "2017-10-24T12:00:21Z"}}, {"model": "idprovider.idprovider", "pk": 46, "fields": {"created_at": "2017-10-24T11:53:11Z", "updated_at": "2017-10-24T11:53:11Z"}}, {"model": "idprovider.idprovider", "pk": 47, "fields": {"created_at": "2017-10-24T11:53:46Z", "updated_at": "2017-10-24T11:53:46Z"}}, {"model": "idprovider.idprovider", "pk": 48, "fields": {"created_at": "2017-10-24T11:53:53Z", "updated_at": "2017-10-24T12:00:13Z"}}, {"model": "idprovider.idprovider", "pk": 49, "fields": {"created_at": "2017-10-24T11:55:01Z", "updated_at": "2017-10-24T11:55:01Z"}}, {"model": "idprovider.idprovider", "pk": 50, "fields": {"created_at": "2017-10-24T11:55:39Z", "updated_at": "2017-10-24T12:00:02Z"}}, {"model": "idprovider.idprovider", "pk": 51, "fields": {"created_at": "2017-10-24T11:56:02Z", "updated_at": "2017-10-24T11:59:53Z"}}, {"model": "idprovider.idprovider", "pk": 52, "fields": {"created_at": "2017-10-24T11:59:44Z", "updated_at": "2017-10-24T11:59:44Z"}}, {"model": "idprovider.idprovider", "pk": 53, "fields": {"created_at": "2017-10-24T12:01:12Z", "updated_at": "2017-10-24T12:01:12Z"}}, {"model": "idprovider.idprovider", "pk": 54, "fields": {"created_at": "2017-10-24T12:02:36Z", "updated_at": "2017-10-24T12:02:36Z"}}, {"model": "idprovider.idprovider", "pk": 55, "fields": {"created_at": "2017-10-24T12:03:16Z", "updated_at": "2017-10-24T12:03:16Z"}}, {"model": "idprovider.idprovider", "pk": 56, "fields": {"created_at": "2017-10-24T12:03:20Z", "updated_at": "2017-10-24T12:03:20Z"}}, {"model": "idprovider.idprovider", "pk": 57, "fields": {"created_at": "2017-10-24T12:03:45Z", "updated_at": "2017-10-24T12:03:45Z"}}, {"model": "idprovider.idprovider", "pk": 58, "fields": {"created_at": "2017-10-24T12:04:33Z", "updated_at": "2017-10-24T12:04:33Z"}}, {"model": "idprovider.idprovider", "pk": 59, "fields": {"created_at": "2017-10-24T12:05:19Z", "updated_at": "2017-10-24T12:05:19Z"}}, {"model": "idprovider.idprovider", "pk": 60, "fields": {"created_at": "2017-10-24T12:05:23Z", "updated_at": "2017-10-24T12:05:23Z"}}, {"model": "idprovider.idprovider", "pk": 61, "fields": {"created_at": "2017-10-24T12:06:16Z", "updated_at": "2017-10-24T12:06:16Z"}}, {"model": "idprovider.idprovider", "pk": 62, "fields": {"created_at": "2017-10-24T12:06:52Z", "updated_at": "2017-10-24T12:07:01Z"}}, {"model": "idprovider.idprovider", "pk": 63, "fields": {"created_at": "2017-10-24T12:11:18Z", "updated_at": "2017-10-24T12:11:18Z"}}, {"model": "idprovider.idprovider", "pk": 64, "fields": {"created_at": "2017-10-24T12:11:41Z", "updated_at": "2017-10-24T12:34:45Z"}}, {"model": "idprovider.idprovider", "pk": 65, "fields": {"created_at": "2017-10-24T12:12:31Z", "updated_at": "2017-10-24T12:12:31Z"}}, {"model": "idprovider.idprovider", "pk": 66, "fields": {"created_at": "2017-10-24T12:13:49Z", "updated_at": "2017-10-24T12:13:49Z"}}, {"model": "idprovider.idprovider", "pk": 67, "fields": {"created_at": "2017-10-24T12:14:10Z", "updated_at": "2017-10-24T12:14:10Z"}}, {"model": "idprovider.idprovider", "pk": 68, "fields": {"created_at": "2017-10-24T12:15:12Z", "updated_at": "2017-10-24T12:15:12Z"}}, {"model": "idprovider.idprovider", "pk": 69, "fields": {"created_at": "2017-10-24T12:15:56Z", "updated_at": "2017-10-24T12:15:56Z"}}, {"model": "idprovider.idprovider", "pk": 70, "fields": {"created_at": "2017-10-24T12:16:08Z", "updated_at": "2017-10-24T12:16:08Z"}}, {"model": "idprovider.idprovider", "pk": 71, "fields": {"created_at": "2017-10-24T12:16:49Z", "updated_at": "2017-10-24T12:16:49Z"}}, {"model": "idprovider.idprovider", "pk": 72, "fields": {"created_at": "2017-10-24T12:18:01Z", "updated_at": "2017-10-24T12:19:51Z"}}, {"model": "idprovider.idprovider", "pk": 73, "fields": {"created_at": "2017-10-24T12:20:45Z", "updated_at": "2017-10-24T12:20:45Z"}}, {"model": "idprovider.idprovider", "pk": 74, "fields": {"created_at": "2017-10-24T12:21:25Z", "updated_at": "2017-10-24T12:21:25Z"}}, {"model": "idprovider.idprovider", "pk": 75, "fields": {"created_at": "2017-10-24T12:22:28Z", "updated_at": "2017-10-24T12:22:28Z"}}, {"model": "idprovider.idprovider", "pk": 76, "fields": {"created_at": "2017-10-24T12:22:53Z", "updated_at": "2017-10-24T12:22:53Z"}}, {"model": "idprovider.idprovider", "pk": 77, "fields": {"created_at": "2017-10-24T12:22:58Z", "updated_at": "2017-10-24T12:22:58Z"}}, {"model": "idprovider.idprovider", "pk": 78, "fields": {"created_at": "2017-10-24T12:23:40Z", "updated_at": "2017-10-24T12:23:40Z"}}, {"model": "idprovider.idprovider", "pk": 79, "fields": {"created_at": "2017-10-24T12:24:16Z", "updated_at": "2017-10-24T12:24:16Z"}}, {"model": "idprovider.idprovider", "pk": 80, "fields": {"created_at": "2017-10-24T12:24:46Z", "updated_at": "2017-10-24T12:24:46Z"}}, {"model": "idprovider.idprovider", "pk": 81, "fields": {"created_at": "2017-10-24T12:28:09Z", "updated_at": "2017-10-24T12:28:09Z"}}, {"model": "idprovider.idprovider", "pk": 82, "fields": {"created_at": "2017-10-24T12:29:33Z", "updated_at": "2017-10-24T13:31:24Z"}}, {"model": "idprovider.idprovider", "pk": 83, "fields": {"created_at": "2017-10-24T12:29:56Z", "updated_at": "2017-10-24T13:31:35Z"}}, {"model": "idprovider.idprovider", "pk": 84, "fields": {"created_at": "2017-10-24T12:30:19Z", "updated_at": "2017-10-24T13:31:40Z"}}, {"model": "idprovider.idprovider", "pk": 85, "fields": {"created_at": "2017-10-24T12:30:50Z", "updated_at": "2017-10-24T12:30:50Z"}}, {"model": "idprovider.idprovider", "pk": 86, "fields": {"created_at": "2017-10-24T12:31:02Z", "updated_at": "2017-10-24T13:35:09Z"}}, {"model": "idprovider.idprovider", "pk": 87, "fields": {"created_at": "2017-10-24T12:31:38Z", "updated_at": "2017-10-24T12:34:27Z"}}, {"model": "idprovider.idprovider", "pk": 88, "fields": {"created_at": "2017-10-24T12:36:43Z", "updated_at": "2017-10-24T12:36:43Z"}}, {"model": "idprovider.idprovider", "pk": 89, "fields": {"created_at": "2017-10-24T12:37:23Z", "updated_at": "2017-10-24T12:37:23Z"}}, {"model": "idprovider.idprovider", "pk": 90, "fields": {"created_at": "2017-10-24T12:37:40Z", "updated_at": "2017-10-24T12:37:40Z"}}, {"model": "idprovider.idprovider", "pk": 91, "fields": {"created_at": "2017-10-24T12:37:46Z", "updated_at": "2017-10-24T12:37:46Z"}}, {"model": "idprovider.idprovider", "pk": 92, "fields": {"created_at": "2017-10-24T12:38:24Z", "updated_at": "2017-10-24T12:38:24Z"}}, {"model": "idprovider.idprovider", "pk": 94, "fields": {"created_at": "2017-10-24T12:40:05Z", "updated_at": "2017-10-24T12:40:05Z"}}, {"model": "idprovider.idprovider", "pk": 95, "fields": {"created_at": "2017-10-24T12:40:29Z", "updated_at": "2017-10-24T12:40:29Z"}}, {"model": "idprovider.idprovider", "pk": 96, "fields": {"created_at": "2017-10-24T12:40:35Z", "updated_at": "2017-10-24T12:40:35Z"}}, {"model": "idprovider.idprovider", "pk": 97, "fields": {"created_at": "2017-10-24T12:42:10Z", "updated_at": "2017-10-24T12:42:10Z"}}, {"model": "idprovider.idprovider", "pk": 98, "fields": {"created_at": "2017-10-24T12:42:27Z", "updated_at": "2017-10-24T12:42:27Z"}}, {"model": "idprovider.idprovider", "pk": 99, "fields": {"created_at": "2017-10-24T12:46:35Z", "updated_at": "2017-10-24T12:46:35Z"}}, {"model": "idprovider.idprovider", "pk": 100, "fields": {"created_at": "2017-10-24T12:46:45Z", "updated_at": "2017-10-24T12:46:45Z"}}, {"model": "idprovider.idprovider", "pk": 101, "fields": {"created_at": "2017-10-24T12:48:01Z", "updated_at": "2017-10-24T12:48:01Z"}}, {"model": "idprovider.idprovider", "pk": 102, "fields": {"created_at": "2017-10-24T12:49:37Z", "updated_at": "2017-10-24T12:49:37Z"}}, {"model": "idprovider.idprovider", "pk": 103, "fields": {"created_at": "2017-10-24T12:50:38Z", "updated_at": "2017-10-24T12:50:38Z"}}, {"model": "idprovider.idprovider", "pk": 104, "fields": {"created_at": "2017-10-24T12:51:57Z", "updated_at": "2017-10-24T12:51:57Z"}}, {"model": "idprovider.idprovider", "pk": 105, "fields": {"created_at": "2017-10-24T12:52:00Z", "updated_at": "2017-10-24T12:52:00Z"}}, {"model": "idprovider.idprovider", "pk": 106, "fields": {"created_at": "2017-10-24T12:52:45Z", "updated_at": "2017-10-24T12:52:45Z"}}, {"model": "idprovider.idprovider", "pk": 107, "fields": {"created_at": "2017-10-24T12:53:31Z", "updated_at": "2017-10-24T12:53:31Z"}}, {"model": "idprovider.idprovider", "pk": 108, "fields": {"created_at": "2017-10-24T12:53:44Z", "updated_at": "2017-10-24T12:53:44Z"}}, {"model": "idprovider.idprovider", "pk": 109, "fields": {"created_at": "2017-10-24T12:54:25Z", "updated_at": "2017-10-24T12:54:25Z"}}, {"model": "idprovider.idprovider", "pk": 110, "fields": {"created_at": "2017-10-24T12:56:02Z", "updated_at": "2017-10-24T12:56:02Z"}}, {"model": "idprovider.idprovider", "pk": 111, "fields": {"created_at": "2017-10-24T12:56:03Z", "updated_at": "2017-10-24T12:56:03Z"}}, {"model": "idprovider.idprovider", "pk": 112, "fields": {"created_at": "2017-10-24T12:56:50Z", "updated_at": "2017-10-24T12:57:20Z"}}, {"model": "idprovider.idprovider", "pk": 113, "fields": {"created_at": "2017-10-24T12:57:56Z", "updated_at": "2017-10-24T12:57:56Z"}}, {"model": "idprovider.idprovider", "pk": 114, "fields": {"created_at": "2017-10-24T12:59:21Z", "updated_at": "2017-10-24T12:59:21Z"}}, {"model": "idprovider.idprovider", "pk": 115, "fields": {"created_at": "2017-10-24T13:00:10Z", "updated_at": "2017-10-24T13:00:10Z"}}, {"model": "idprovider.idprovider", "pk": 116, "fields": {"created_at": "2017-10-24T13:00:27Z", "updated_at": "2017-10-24T13:00:27Z"}}, {"model": "idprovider.idprovider", "pk": 117, "fields": {"created_at": "2017-10-24T13:00:42Z", "updated_at": "2017-10-24T13:00:42Z"}}, {"model": "idprovider.idprovider", "pk": 118, "fields": {"created_at": "2017-10-24T13:00:46Z", "updated_at": "2017-10-24T13:00:46Z"}}, {"model": "idprovider.idprovider", "pk": 119, "fields": {"created_at": "2017-10-24T13:02:17Z", "updated_at": "2017-10-24T13:02:17Z"}}, {"model": "idprovider.idprovider", "pk": 120, "fields": {"created_at": "2017-10-24T13:02:19Z", "updated_at": "2017-10-24T13:02:19Z"}}, {"model": "idprovider.idprovider", "pk": 121, "fields": {"created_at": "2017-10-24T13:03:07Z", "updated_at": "2017-10-24T13:10:31Z"}}, {"model": "idprovider.idprovider", "pk": 122, "fields": {"created_at": "2017-10-24T13:04:03Z", "updated_at": "2017-10-24T13:04:03Z"}}, {"model": "idprovider.idprovider", "pk": 123, "fields": {"created_at": "2017-10-24T13:04:10Z", "updated_at": "2017-10-24T13:04:10Z"}}, {"model": "idprovider.idprovider", "pk": 124, "fields": {"created_at": "2017-10-24T13:04:58Z", "updated_at": "2017-10-24T13:04:58Z"}}, {"model": "idprovider.idprovider", "pk": 125, "fields": {"created_at": "2017-10-24T13:05:33Z", "updated_at": "2017-10-24T13:05:33Z"}}, {"model": "idprovider.idprovider", "pk": 126, "fields": {"created_at": "2017-10-24T13:06:05Z", "updated_at": "2017-10-24T13:06:05Z"}}, {"model": "idprovider.idprovider", "pk": 127, "fields": {"created_at": "2017-10-24T13:06:47Z", "updated_at": "2017-10-24T13:06:47Z"}}, {"model": "idprovider.idprovider", "pk": 128, "fields": {"created_at": "2017-10-24T13:07:27Z", "updated_at": "2017-10-24T13:07:27Z"}}, {"model": "idprovider.idprovider", "pk": 129, "fields": {"created_at": "2017-10-24T13:08:07Z", "updated_at": "2017-10-24T13:08:07Z"}}, {"model": "idprovider.idprovider", "pk": 130, "fields": {"created_at": "2017-10-24T13:08:44Z", "updated_at": "2017-10-24T13:08:44Z"}}, {"model": "idprovider.idprovider", "pk": 131, "fields": {"created_at": "2017-10-24T13:09:22Z", "updated_at": "2017-10-24T13:09:22Z"}}, {"model": "idprovider.idprovider", "pk": 132, "fields": {"created_at": "2017-10-24T13:10:03Z", "updated_at": "2017-10-24T13:10:03Z"}}, {"model": "idprovider.idprovider", "pk": 133, "fields": {"created_at": "2017-10-24T13:11:08Z", "updated_at": "2017-10-24T13:11:08Z"}}, {"model": "idprovider.idprovider", "pk": 134, "fields": {"created_at": "2017-10-24T13:11:51Z", "updated_at": "2017-10-24T13:11:51Z"}}, {"model": "idprovider.idprovider", "pk": 135, "fields": {"created_at": "2017-10-24T13:12:39Z", "updated_at": "2017-10-24T13:12:39Z"}}, {"model": "idprovider.idprovider", "pk": 136, "fields": {"created_at": "2017-10-24T13:13:10Z", "updated_at": "2017-10-24T13:13:10Z"}}, {"model": "idprovider.idprovider", "pk": 137, "fields": {"created_at": "2017-10-25T09:35:56Z", "updated_at": "2017-10-25T09:35:56Z"}}, {"model": "idprovider.idprovider", "pk": 138, "fields": {"created_at": "2017-10-25T09:36:05Z", "updated_at": "2017-10-25T09:36:05Z"}}, {"model": "idprovider.idprovider", "pk": 139, "fields": {"created_at": "2017-10-25T09:36:05Z", "updated_at": "2017-10-25T09:36:05Z"}}, {"model": "idprovider.idprovider", "pk": 140, "fields": {"created_at": "2017-10-25T09:36:05Z", "updated_at": "2017-10-25T09:36:05Z"}}, {"model": "idprovider.idprovider", "pk": 141, "fields": {"created_at": "2017-10-25T09:36:05Z", "updated_at": "2017-10-25T09:36:05Z"}}, {"model": "idprovider.idprovider", "pk": 142, "fields": {"created_at": "2017-10-25T09:36:05Z", "updated_at": "2017-10-25T09:36:05Z"}}, {"model": "idprovider.idprovider", "pk": 143, "fields": {"created_at": "2017-10-25T09:36:05Z", "updated_at": "2017-10-25T09:36:05Z"}}, {"model": "idprovider.idprovider", "pk": 144, "fields": {"created_at": "2017-10-25T09:36:05Z", "updated_at": "2017-10-25T09:36:05Z"}}, {"model": "idprovider.idprovider", "pk": 145, "fields": {"created_at": "2017-10-25T09:36:05Z", "updated_at": "2017-10-25T09:36:05Z"}}, {"model": "idprovider.idprovider", "pk": 146, "fields": {"created_at": "2017-10-25T09:36:06Z", "updated_at": "2017-10-25T09:36:06Z"}}, {"model": "idprovider.idprovider", "pk": 147, "fields": {"created_at": "2017-10-25T09:36:06Z", "updated_at": "2017-10-25T09:36:06Z"}}, {"model": "idprovider.idprovider", "pk": 148, "fields": {"created_at": "2017-10-25T09:36:06Z", "updated_at": "2017-10-25T09:36:06Z"}}, {"model": "idprovider.idprovider", "pk": 149, "fields": {"created_at": "2017-10-25T09:36:06Z", "updated_at": "2017-10-25T09:36:06Z"}}, {"model": "idprovider.idprovider", "pk": 150, "fields": {"created_at": "2017-10-25T09:36:06Z", "updated_at": "2017-10-25T09:36:06Z"}}, {"model": "idprovider.idprovider", "pk": 151, "fields": {"created_at": "2017-10-25T09:36:06Z", "updated_at": "2017-10-25T09:36:06Z"}}, {"model": "idprovider.idprovider", "pk": 152, "fields": {"created_at": "2017-10-25T09:36:06Z", "updated_at": "2017-10-25T09:36:06Z"}}, {"model": "idprovider.idprovider", "pk": 153, "fields": {"created_at": "2017-10-25T09:36:06Z", "updated_at": "2017-10-25T09:36:06Z"}}, {"model": "idprovider.idprovider", "pk": 154, "fields": {"created_at": "2017-10-25T09:36:07Z", "updated_at": "2017-10-25T09:36:07Z"}}, {"model": "idprovider.idprovider", "pk": 155, "fields": {"created_at": "2017-10-25T09:36:07Z", "updated_at": "2017-10-25T09:36:07Z"}}, {"model": "idprovider.idprovider", "pk": 156, "fields": {"created_at": "2017-10-25T09:36:07Z", "updated_at": "2017-10-25T09:36:07Z"}}, {"model": "idprovider.idprovider", "pk": 157, "fields": {"created_at": "2017-10-25T09:36:07Z", "updated_at": "2017-10-25T09:36:07Z"}}, {"model": "idprovider.idprovider", "pk": 158, "fields": {"created_at": "2017-10-25T09:36:07Z", "updated_at": "2017-10-25T09:36:07Z"}}, {"model": "idprovider.idprovider", "pk": 159, "fields": {"created_at": "2017-10-25T09:36:07Z", "updated_at": "2017-10-25T09:36:07Z"}}, {"model": "idprovider.idprovider", "pk": 160, "fields": {"created_at": "2017-10-25T09:36:07Z", "updated_at": "2017-10-25T09:36:07Z"}}, {"model": "idprovider.idprovider", "pk": 161, "fields": {"created_at": "2017-10-25T09:36:07Z", "updated_at": "2017-10-25T09:36:07Z"}}, {"model": "idprovider.idprovider", "pk": 162, "fields": {"created_at": "2017-10-25T09:36:07Z", "updated_at": "2017-10-25T09:36:07Z"}}, {"model": "idprovider.idprovider", "pk": 163, "fields": {"created_at": "2017-10-25T09:36:07Z", "updated_at": "2017-10-25T09:36:07Z"}}, {"model": "idprovider.idprovider", "pk": 164, "fields": {"created_at": "2017-10-25T09:36:07Z", "updated_at": "2017-10-25T09:36:07Z"}}, {"model": "idprovider.idprovider", "pk": 165, "fields": {"created_at": "2017-10-25T09:36:08Z", "updated_at": "2017-10-25T09:36:08Z"}}, {"model": "idprovider.idprovider", "pk": 166, "fields": {"created_at": "2017-10-25T09:36:08Z", "updated_at": "2017-10-25T09:36:08Z"}}, {"model": "idprovider.idprovider", "pk": 167, "fields": {"created_at": "2017-10-25T09:36:08Z", "updated_at": "2017-10-25T09:36:08Z"}}, {"model": "idprovider.idprovider", "pk": 168, "fields": {"created_at": "2017-10-25T09:36:08Z", "updated_at": "2017-10-25T09:36:08Z"}}, {"model": "idprovider.idprovider", "pk": 169, "fields": {"created_at": "2017-10-25T09:36:08Z", "updated_at": "2017-10-25T09:36:08Z"}}, {"model": "idprovider.idprovider", "pk": 170, "fields": {"created_at": "2017-10-25T09:36:08Z", "updated_at": "2017-10-25T09:36:08Z"}}, {"model": "idprovider.idprovider", "pk": 171, "fields": {"created_at": "2017-10-25T09:36:08Z", "updated_at": "2017-10-25T09:36:08Z"}}, {"model": "idprovider.idprovider", "pk": 172, "fields": {"created_at": "2017-10-25T09:36:08Z", "updated_at": "2017-10-25T09:36:08Z"}}, {"model": "idprovider.idprovider", "pk": 173, "fields": {"created_at": "2017-10-25T09:36:08Z", "updated_at": "2017-10-25T09:36:08Z"}}, {"model": "idprovider.idprovider", "pk": 174, "fields": {"created_at": "2017-10-25T09:36:09Z", "updated_at": "2017-10-25T09:36:09Z"}}, {"model": "idprovider.idprovider", "pk": 175, "fields": {"created_at": "2017-10-25T09:36:09Z", "updated_at": "2017-10-25T09:36:09Z"}}, {"model": "idprovider.idprovider", "pk": 176, "fields": {"created_at": "2017-10-25T09:36:09Z", "updated_at": "2017-10-25T09:36:09Z"}}, {"model": "idprovider.idprovider", "pk": 177, "fields": {"created_at": "2017-10-25T09:36:09Z", "updated_at": "2017-10-25T09:36:09Z"}}, {"model": "idprovider.idprovider", "pk": 178, "fields": {"created_at": "2017-10-25T09:36:09Z", "updated_at": "2017-10-25T09:36:09Z"}}, {"model": "idprovider.idprovider", "pk": 179, "fields": {"created_at": "2017-10-25T09:36:09Z", "updated_at": "2017-10-25T09:36:09Z"}}, {"model": "idprovider.idprovider", "pk": 180, "fields": {"created_at": "2017-10-25T09:36:09Z", "updated_at": "2017-10-25T09:36:09Z"}}, {"model": "idprovider.idprovider", "pk": 181, "fields": {"created_at": "2017-10-25T09:36:09Z", "updated_at": "2017-10-25T09:36:09Z"}}, {"model": "idprovider.idprovider", "pk": 182, "fields": {"created_at": "2017-10-25T09:36:09Z", "updated_at": "2017-10-25T09:36:09Z"}}, {"model": "idprovider.idprovider", "pk": 183, "fields": {"created_at": "2017-10-25T09:36:09Z", "updated_at": "2017-10-25T09:36:09Z"}}, {"model": "idprovider.idprovider", "pk": 184, "fields": {"created_at": "2017-10-25T09:36:10Z", "updated_at": "2017-10-25T09:36:10Z"}}, {"model": "idprovider.idprovider", "pk": 185, "fields": {"created_at": "2017-10-25T09:36:10Z", "updated_at": "2017-10-25T09:36:10Z"}}, {"model": "idprovider.idprovider", "pk": 186, "fields": {"created_at": "2017-10-25T09:36:10Z", "updated_at": "2017-10-25T09:36:10Z"}}, {"model": "idprovider.idprovider", "pk": 187, "fields": {"created_at": "2017-10-25T09:36:10Z", "updated_at": "2017-10-25T09:36:10Z"}}, {"model": "idprovider.idprovider", "pk": 188, "fields": {"created_at": "2017-10-25T09:36:10Z", "updated_at": "2017-10-25T09:36:10Z"}}, {"model": "idprovider.idprovider", "pk": 189, "fields": {"created_at": "2017-10-25T09:36:10Z", "updated_at": "2017-10-25T09:36:10Z"}}, {"model": "idprovider.idprovider", "pk": 190, "fields": {"created_at": "2017-10-25T09:36:10Z", "updated_at": "2017-10-25T09:36:10Z"}}, {"model": "idprovider.idprovider", "pk": 191, "fields": {"created_at": "2017-10-25T09:36:10Z", "updated_at": "2017-10-25T09:36:10Z"}}, {"model": "idprovider.idprovider", "pk": 192, "fields": {"created_at": "2017-10-25T09:36:10Z", "updated_at": "2017-10-25T09:36:10Z"}}, {"model": "idprovider.idprovider", "pk": 193, "fields": {"created_at": "2017-10-25T16:30:44Z", "updated_at": "2017-10-25T16:30:44Z"}}, {"model": "idprovider.idprovider", "pk": 194, "fields": {"created_at": "2017-10-25T16:32:04Z", "updated_at": "2017-10-25T16:32:04Z"}}, {"model": "idprovider.idprovider", "pk": 195, "fields": {"created_at": "2017-10-26T15:55:24Z", "updated_at": "2017-10-26T15:55:24Z"}}, {"model": "idprovider.idprovider", "pk": 196, "fields": {"created_at": "2017-10-26T15:56:11Z", "updated_at": "2017-10-26T15:56:11Z"}}, {"model": "idprovider.idprovider", "pk": 197, "fields": {"created_at": "2017-10-26T15:58:32Z", "updated_at": "2017-10-26T15:59:44Z"}}, {"model": "idprovider.idprovider", "pk": 198, "fields": {"created_at": "2017-10-26T15:59:07Z", "updated_at": "2017-10-26T15:59:07Z"}}, {"model": "idprovider.idprovider", "pk": 199, "fields": {"created_at": "2017-10-26T16:01:11Z", "updated_at": "2017-10-26T16:01:11Z"}}, {"model": "idprovider.idprovider", "pk": 200, "fields": {"created_at": "2017-10-26T16:01:33Z", "updated_at": "2017-10-26T16:01:33Z"}}, {"model": "idprovider.idprovider", "pk": 201, "fields": {"created_at": "2017-10-26T16:03:50Z", "updated_at": "2017-10-26T16:03:50Z"}}, {"model": "idprovider.idprovider", "pk": 202, "fields": {"created_at": "2017-10-26T16:04:14Z", "updated_at": "2017-10-26T16:04:14Z"}}, {"model": "idprovider.idprovider", "pk": 203, "fields": {"created_at": "2017-10-26T16:05:18Z", "updated_at": "2017-10-26T16:05:18Z"}}, {"model": "idprovider.idprovider", "pk": 204, "fields": {"created_at": "2017-10-26T16:05:42Z", "updated_at": "2017-10-26T16:05:42Z"}}, {"model": "idprovider.idprovider", "pk": 205, "fields": {"created_at": "2017-10-26T16:07:04Z", "updated_at": "2017-10-26T16:07:04Z"}}, {"model": "idprovider.idprovider", "pk": 206, "fields": {"created_at": "2017-10-26T16:07:32Z", "updated_at": "2017-10-26T16:07:32Z"}}, {"model": "idprovider.idprovider", "pk": 207, "fields": {"created_at": "2017-10-26T16:08:31Z", "updated_at": "2017-10-26T16:08:31Z"}}, {"model": "idprovider.idprovider", "pk": 208, "fields": {"created_at": "2017-10-26T16:08:56Z", "updated_at": "2017-10-26T16:08:56Z"}}, {"model": "idprovider.idprovider", "pk": 209, "fields": {"created_at": "2017-10-26T16:10:27Z", "updated_at": "2017-10-26T16:10:27Z"}}, {"model": "idprovider.idprovider", "pk": 210, "fields": {"created_at": "2017-10-26T16:11:09Z", "updated_at": "2017-10-26T16:11:09Z"}}, {"model": "idprovider.idprovider", "pk": 211, "fields": {"created_at": "2017-10-26T16:14:13Z", "updated_at": "2017-10-26T16:14:13Z"}}, {"model": "idprovider.idprovider", "pk": 212, "fields": {"created_at": "2017-10-26T16:44:55Z", "updated_at": "2017-10-26T16:45:22Z"}}, {"model": "idprovider.idprovider", "pk": 213, "fields": {"created_at": "2017-10-26T16:47:04Z", "updated_at": "2017-10-26T16:51:04Z"}}, {"model": "idprovider.idprovider", "pk": 214, "fields": {"created_at": "2017-10-26T16:49:01Z", "updated_at": "2017-10-26T16:49:01Z"}}, {"model": "idprovider.idprovider", "pk": 215, "fields": {"created_at": "2017-10-26T16:50:56Z", "updated_at": "2017-10-26T16:50:56Z"}}, {"model": "idprovider.idprovider", "pk": 216, "fields": {"created_at": "2017-10-26T16:51:31Z", "updated_at": "2017-10-26T16:51:31Z"}}, {"model": "idprovider.idprovider", "pk": 217, "fields": {"created_at": "2017-10-26T16:55:02Z", "updated_at": "2017-10-26T16:55:02Z"}}, {"model": "idprovider.idprovider", "pk": 218, "fields": {"created_at": "2017-10-26T16:56:05Z", "updated_at": "2017-10-26T16:56:05Z"}}, {"model": "vocabs.skosnamespace", "pk": 5, "fields": {"namespace": "http://www.vocabs/hiz/", "prefix": "hiz"}}, {"model": "vocabs.skosconceptscheme", "pk": 6, "fields": {"dc_title": "TypeofWork", "namespace": 5, "dct_creator": "", "legacy_id": ""}}, {"model": "vocabs.skosconceptscheme", "pk": 8, "fields": {"dc_title": "WorkAltTitle", "namespace": 5, "dct_creator": "", "legacy_id": ""}}, {"model": "vocabs.skosconceptscheme", "pk": 14, "fields": {"dc_title": "Sprachen", "namespace": 5, "dct_creator": "", "legacy_id": ""}}, {"model": "vocabs.skosconceptscheme", "pk": 27, "fields": {"dc_title": "TypeofText", "namespace": 5, "dct_creator": "", "legacy_id": ""}}, {"model": "vocabs.skosconceptscheme", "pk": 137, "fields": {"dc_title": "POS", "namespace": 5, "dct_creator": "", "legacy_id": ""}}, {"model": "vocabs.skosconcept", "pk": 7, "fields": {"pref_label": "\u00dcbersetzung", "pref_label_lang": "deu", "definition": "Ein von Peter Handke \u00fcbersetztes Werk eines Fremdautors.", "definition_lang": "deu", "notation": "\u00fcbersetzung", "namespace": 5, "legacy_id": "", "scheme": [6], "label": [], "skos_broader": [], "skos_narrower": [], "skos_related": [], "skos_broadmatch": [], "skos_exactmatch": [], "skos_closematch": []}}, {"model": "vocabs.skosconcept", "pk": 9, "fields": {"pref_label": "Shakespeare/Handke Das Winterm\u00e4rchen", "pref_label_lang": "deu", "definition": "", "definition_lang": "deu", "notation": "shakespearehandke-das-winterm\u00e4rchen", "namespace": 5, "legacy_id": "", "scheme": [8], "label": [], "skos_broader": [], "skos_narrower": [], "skos_related": [], "skos_broadmatch": [], "skos_exactmatch": [], "skos_closematch": []}}, {"model": "vocabs.skosconcept", "pk": 10, "fields": {"pref_label": "The Winter\u2019s Tale / Das Winterm\u00e4rchen", "pref_label_lang": "", "definition": "", "definition_lang": "", "notation": "the-winters-tale-das-winterm\u00e4rchen", "namespace": 5, "legacy_id": "", "scheme": [8], "label": [], "skos_broader": [], "skos_narrower": [], "skos_related": [], "skos_broadmatch": [], "skos_exactmatch": [], "skos_closematch": []}}, {"model": "vocabs.skosconcept", "pk": 13, "fields": {"pref_label": "Selbst\u00fcbersetzung_Original", "pref_label_lang": "deu", "definition": "Ein von Peter Handke verfasster Text, den er in einer anderen Sprache verfasst und sp\u00e4ter selbst \u00fcbersetzt hat.", "definition_lang": "deu", "notation": "selbst\u00fcbersetzung_original", "namespace": 5, "legacy_id": "", "scheme": [6], "label": [], "skos_broader": [], "skos_narrower": [], "skos_related": [], "skos_broadmatch": [], "skos_exactmatch": [], "skos_closematch": []}}, {"model": "vocabs.skosconcept", "pk": 15, "fields": {"pref_label": "Franz\u00f6sisch", "pref_label_lang": "deu", "definition": "", "definition_lang": "deu", "notation": "franz\u00f6sisch", "namespace": 5, "legacy_id": "", "scheme": [14], "label": [], "skos_broader": [], "skos_narrower": [], "skos_related": [], "skos_broadmatch": [], "skos_exactmatch": [], "skos_closematch": []}}, {"model": "vocabs.skosconcept", "pk": 16, "fields": {"pref_label": "Selbst\u00fcbersetzung", "pref_label_lang": "deu", "definition": "Ein von Peter Hankde in einer anderen Sprache als Deutsch verfasstes und von ihm selbst \u00fcbersetztes Werk.", "definition_lang": "deu", "notation": "selbst\u00fcbersetzung", "namespace": 5, "legacy_id": "", "scheme": [6], "label": [], "skos_broader": [7], "skos_narrower": [], "skos_related": [], "skos_broadmatch": [], "skos_exactmatch": [], "skos_closematch": []}}, {"model": "vocabs.skosconcept", "pk": 18, "fields": {"pref_label": "Deutsch", "pref_label_lang": "deu", "definition": "", "definition_lang": "deu", "notation": "deutsch", "namespace": 5, "legacy_id": "", "scheme": [14], "label": [], "skos_broader": [], "skos_narrower": [], "skos_related": [], "skos_broadmatch": [], "skos_exactmatch": [], "skos_closematch": []}}, {"model": "vocabs.skosconcept", "pk": 21, "fields": {"pref_label": "Latein", "pref_label_lang": "deu", "definition": "", "definition_lang": "deu", "notation": "latein", "namespace": 5, "legacy_id": "", "scheme": [14], "label": [], "skos_broader": [], "skos_narrower": [], "skos_related": [], "skos_broadmatch": [], "skos_exactmatch": [], "skos_closematch": []}}, {"model": "vocabs.skosconcept", "pk": 25, "fields": {"pref_label": "Englisch", "pref_label_lang": "deu", "definition": "", "definition_lang": "deu", "notation": "englisch", "namespace": 5, "legacy_id": "", "scheme": [14], "label": [], "skos_broader": [], "skos_narrower": [], "skos_related": [], "skos_broadmatch": [], "skos_exactmatch": [], "skos_closematch": []}}, {"model": "vocabs.skosconcept", "pk": 28, "fields": {"pref_label": "Anrede", "pref_label_lang": "deu", "definition": "", "definition_lang": "deu", "notation": "anrede", "namespace": 5, "legacy_id": "", "scheme": [27], "label": [], "skos_broader": [], "skos_narrower": [], "skos_related": [], "skos_broadmatch": [], "skos_exactmatch": [], "skos_closematch": []}}, {"model": "vocabs.skosconcept", "pk": 52, "fields": {"pref_label": "Wort", "pref_label_lang": "deu", "definition": "", "definition_lang": "deu", "notation": "wort", "namespace": 5, "legacy_id": "", "scheme": [27], "label": [], "skos_broader": [], "skos_narrower": [28], "skos_related": [], "skos_broadmatch": [], "skos_exactmatch": [], "skos_closematch": []}}, {"model": "vocabs.skosconcept", "pk": 53, "fields": {"pref_label": "Phrase", "pref_label_lang": "deu", "definition": "", "definition_lang": "deu", "notation": "phrase", "namespace": 5, "legacy_id": "", "scheme": [27], "label": [], "skos_broader": [], "skos_narrower": [], "skos_related": [], "skos_broadmatch": [], "skos_exactmatch": [], "skos_closematch": []}}, {"model": "vocabs.skosconcept", "pk": 63, "fields": {"pref_label": "Werk", "pref_label_lang": "deu", "definition": "Ein von Peter Handke verfasstes Werk.", "definition_lang": "deu", "notation": "werk", "namespace": 5, "legacy_id": "", "scheme": [6], "label": [], "skos_broader": [], "skos_narrower": [13], "skos_related": [], "skos_broadmatch": [], "skos_exactmatch": [], "skos_closematch": []}}, {"model": "vocabs.skosconcept", "pk": 69, "fields": {"pref_label": "Arabisch", "pref_label_lang": "deu", "definition": "", "definition_lang": "deu", "notation": "arabisch", "namespace": 5, "legacy_id": "", "scheme": [14], "label": [], "skos_broader": [], "skos_narrower": [], "skos_related": [], "skos_broadmatch": [], "skos_exactmatch": [], "skos_closematch": []}}, {"model": "vocabs.skosconcept", "pk": 75, "fields": {"pref_label": "Satz", "pref_label_lang": "deu", "definition": "", "definition_lang": "deu", "notation": "satz", "namespace": 5, "legacy_id": "", "scheme": [27], "label": [], "skos_broader": [], "skos_narrower": [52, 53], "skos_related": [], "skos_broadmatch": [], "skos_exactmatch": [], "skos_closematch": []}}, {"model": "vocabs.skosconcept", "pk": 76, "fields": {"pref_label": "Zitat", "pref_label_lang": "deu", "definition": "", "definition_lang": "deu", "notation": "zitat", "namespace": 5, "legacy_id": "", "scheme": [27], "label": [], "skos_broader": [], "skos_narrower": [], "skos_related": [], "skos_broadmatch": [], "skos_exactmatch": [], "skos_closematch": []}}, {"model": "vocabs.skosconcept", "pk": 81, "fields": {"pref_label": "Die Kunst des Fragens", "pref_label_lang": "deu", "definition": "", "definition_lang": "deu", "notation": "die-kunst-des-fragens", "namespace": 5, "legacy_id": "", "scheme": [8], "label": [], "skos_broader": [], "skos_narrower": [], "skos_related": [], "skos_broadmatch": [], "skos_exactmatch": [], "skos_closematch": []}}, {"model": "vocabs.skosconcept", "pk": 89, "fields": {"pref_label": "Italienisch", "pref_label_lang": "deu", "definition": "", "definition_lang": "deu", "notation": "italienisch", "namespace": 5, "legacy_id": "", "scheme": [14], "label": [], "skos_broader": [], "skos_narrower": [], "skos_related": [], "skos_broadmatch": [], "skos_exactmatch": [], "skos_closematch": []}}, {"model": "vocabs.skosconcept", "pk": 94, "fields": {"pref_label": "Slowenisch", "pref_label_lang": "deu", "definition": "", "definition_lang": "deu", "notation": "slowenisch", "namespace": 5, "legacy_id": "", "scheme": [14], "label": [], "skos_broader": [], "skos_narrower": [], "skos_related": [], "skos_broadmatch": [], "skos_exactmatch": [], "skos_closematch": []}}, {"model": "vocabs.skosconcept", "pk": 95, "fields": {"pref_label": "Gru\u00df", "pref_label_lang": "deu", "definition": "", "definition_lang": "deu", "notation": "gru\u00df", "namespace": 5, "legacy_id": "", "scheme": [27], "label": [], "skos_broader": [], "skos_narrower": [], "skos_related": [], "skos_broadmatch": [], "skos_exactmatch": [], "skos_closematch": []}}, {"model": "vocabs.skosconcept", "pk": 97, "fields": {"pref_label": "?", "pref_label_lang": "deu", "definition": "", "definition_lang": "deu", "notation": "", "namespace": 5, "legacy_id": "", "scheme": [14], "label": [], "skos_broader": [], "skos_narrower": [], "skos_related": [], "skos_broadmatch": [], "skos_exactmatch": [], "skos_closematch": []}}, {"model": "vocabs.skosconcept", "pk": 99, "fields": {"pref_label": "Altgriechisch", "pref_label_lang": "deu", "definition": "", "definition_lang": "deu", "notation": "altgriechisch", "namespace": 5, "legacy_id": "", "scheme": [14], "label": [], "skos_broader": [], "skos_narrower": [], "skos_related": [], "skos_broadmatch": [], "skos_exactmatch": [], "skos_closematch": []}}, {"model": "vocabs.skosconcept", "pk": 107, "fields": {"pref_label": "Russisch", "pref_label_lang": "deu", "definition": "", "definition_lang": "deu", "notation": "russisch", "namespace": 5, "legacy_id": "", "scheme": [14], "label": [], "skos_broader": [], "skos_narrower": [], "skos_related": [], "skos_broadmatch": [], "skos_exactmatch": [], "skos_closematch": []}}, {"model": "vocabs.skosconcept", "pk": 115, "fields": {"pref_label": "\u00c4gyptisch", "pref_label_lang": "deu", "definition": "", "definition_lang": "deu", "notation": "\u00e4gyptisch", "namespace": 5, "legacy_id": "", "scheme": [14], "label": [], "skos_broader": [], "skos_narrower": [], "skos_related": [], "skos_broadmatch": [], "skos_exactmatch": [], "skos_closematch": []}}, {"model": "vocabs.skosconcept", "pk": 116, "fields": {"pref_label": "Name", "pref_label_lang": "deu", "definition": "", "definition_lang": "deu", "notation": "name", "namespace": 5, "legacy_id": "", "scheme": [27], "label": [], "skos_broader": [], "skos_narrower": [], "skos_related": [], "skos_broadmatch": [], "skos_exactmatch": [], "skos_closematch": []}}, {"model": "vocabs.skosconcept", "pk": 122, "fields": {"pref_label": "Frage", "pref_label_lang": "deu", "definition": "", "definition_lang": "deu", "notation": "frage", "namespace": 5, "legacy_id": "", "scheme": [27], "label": [], "skos_broader": [], "skos_narrower": [], "skos_related": [], "skos_broadmatch": [], "skos_exactmatch": [], "skos_closematch": []}}, {"model": "vocabs.skosconcept", "pk": 138, "fields": {"pref_label": "ADJA", "pref_label_lang": "deu", "definition": "attributives Adjektiv", "definition_lang": "deu", "notation": "adja", "namespace": 5, "legacy_id": "", "scheme": [137], "label": [], "skos_broader": [], "skos_narrower": [], "skos_related": [], "skos_broadmatch": [], "skos_exactmatch": [], "skos_closematch": []}}, {"model": "vocabs.skosconcept", "pk": 139, "fields": {"pref_label": "ADJD", "pref_label_lang": "deu", "definition": "adverbiales oder pr\u00e4dikatives Adjektiv", "definition_lang": "deu", "notation": "adjd", "namespace": 5, "legacy_id": "", "scheme": [137], "label": [], "skos_broader": [], "skos_narrower": [], "skos_related": [], "skos_broadmatch": [], "skos_exactmatch": [], "skos_closematch": []}}, {"model": "vocabs.skosconcept", "pk": 140, "fields": {"pref_label": "nan", "pref_label_lang": "deu", "definition": "nan", "definition_lang": "deu", "notation": "nan", "namespace": 5, "legacy_id": "", "scheme": [137], "label": [], "skos_broader": [], "skos_narrower": [], "skos_related": [], "skos_broadmatch": [], "skos_exactmatch": [], "skos_closematch": []}}, {"model": "vocabs.skosconcept", "pk": 141, "fields": {"pref_label": "ADV", "pref_label_lang": "deu", "definition": "Adverb", "definition_lang": "deu", "notation": "adv", "namespace": 5, "legacy_id": "", "scheme": [137], "label": [], "skos_broader": [], "skos_narrower": [], "skos_related": [], "skos_broadmatch": [], "skos_exactmatch": [], "skos_closematch": []}}, {"model": "vocabs.skosconcept", "pk": 142, "fields": {"pref_label": "APPR", "pref_label_lang": "deu", "definition": "Pr\u00e4position; Zirkumposition links", "definition_lang": "deu", "notation": "appr", "namespace": 5, "legacy_id": "", "scheme": [137], "label": [], "skos_broader": [], "skos_narrower": [], "skos_related": [], "skos_broadmatch": [], "skos_exactmatch": [], "skos_closematch": []}}, {"model": "vocabs.skosconcept", "pk": 143, "fields": {"pref_label": "APPRART", "pref_label_lang": "deu", "definition": "Pr\u00e4position mit Artikel", "definition_lang": "deu", "notation": "apprart", "namespace": 5, "legacy_id": "", "scheme": [137], "label": [], "skos_broader": [], "skos_narrower": [], "skos_related": [], "skos_broadmatch": [], "skos_exactmatch": [], "skos_closematch": []}}, {"model": "vocabs.skosconcept", "pk": 144, "fields": {"pref_label": "APPO", "pref_label_lang": "deu", "definition": "Postposition", "definition_lang": "deu", "notation": "appo", "namespace": 5, "legacy_id": "", "scheme": [137], "label": [], "skos_broader": [], "skos_narrower": [], "skos_related": [], "skos_broadmatch": [], "skos_exactmatch": [], "skos_closematch": []}}, {"model": "vocabs.skosconcept", "pk": 145, "fields": {"pref_label": "APZR", "pref_label_lang": "deu", "definition": "Zirkumposition rechts", "definition_lang": "deu", "notation": "apzr", "namespace": 5, "legacy_id": "", "scheme": [137], "label": [], "skos_broader": [], "skos_narrower": [], "skos_related": [], "skos_broadmatch": [], "skos_exactmatch": [], "skos_closematch": []}}, {"model": "vocabs.skosconcept", "pk": 146, "fields": {"pref_label": "ART", "pref_label_lang": "deu", "definition": "bestimmter oder unbestimmter Artikel", "definition_lang": "deu", "notation": "art", "namespace": 5, "legacy_id": "", "scheme": [137], "label": [], "skos_broader": [], "skos_narrower": [], "skos_related": [], "skos_broadmatch": [], "skos_exactmatch": [], "skos_closematch": []}}, {"model": "vocabs.skosconcept", "pk": 147, "fields": {"pref_label": "CARD", "pref_label_lang": "deu", "definition": "Kardinalzahl", "definition_lang": "deu", "notation": "card", "namespace": 5, "legacy_id": "", "scheme": [137], "label": [], "skos_broader": [], "skos_narrower": [], "skos_related": [], "skos_broadmatch": [], "skos_exactmatch": [], "skos_closematch": []}}, {"model": "vocabs.skosconcept", "pk": 148, "fields": {"pref_label": "FM", "pref_label_lang": "deu", "definition": "Fremdsprachliches Material", "definition_lang": "deu", "notation": "fm", "namespace": 5, "legacy_id": "", "scheme": [137], "label": [], "skos_broader": [], "skos_narrower": [], "skos_related": [], "skos_broadmatch": [], "skos_exactmatch": [], "skos_closematch": []}}, {"model": "vocabs.skosconcept", "pk": 149, "fields": {"pref_label": "ITJ", "pref_label_lang": "deu", "definition": "Interjektion", "definition_lang": "deu", "notation": "itj", "namespace": 5, "legacy_id": "", "scheme": [137], "label": [], "skos_broader": [], "skos_narrower": [], "skos_related": [], "skos_broadmatch": [], "skos_exactmatch": [], "skos_closematch": []}}, {"model": "vocabs.skosconcept", "pk": 150, "fields": {"pref_label": "KOUI", "pref_label_lang": "deu", "definition": "unterordnende Konjunktion mit ``zu'' und Infinitiv", "definition_lang": "deu", "notation": "koui", "namespace": 5, "legacy_id": "", "scheme": [137], "label": [], "skos_broader": [], "skos_narrower": [], "skos_related": [], "skos_broadmatch": [], "skos_exactmatch": [], "skos_closematch": []}}, {"model": "vocabs.skosconcept", "pk": 151, "fields": {"pref_label": "KOUS", "pref_label_lang": "deu", "definition": "unterordnende Konjunktion mit Satz", "definition_lang": "deu", "notation": "kous", "namespace": 5, "legacy_id": "", "scheme": [137], "label": [], "skos_broader": [], "skos_narrower": [], "skos_related": [], "skos_broadmatch": [], "skos_exactmatch": [], "skos_closematch": []}}, {"model": "vocabs.skosconcept", "pk": 152, "fields": {"pref_label": "KON", "pref_label_lang": "deu", "definition": "nebenordnende Konjunktion", "definition_lang": "deu", "notation": "kon", "namespace": 5, "legacy_id": "", "scheme": [137], "label": [], "skos_broader": [], "skos_narrower": [], "skos_related": [], "skos_broadmatch": [], "skos_exactmatch": [], "skos_closematch": []}}, {"model": "vocabs.skosconcept", "pk": 153, "fields": {"pref_label": "KOKOM", "pref_label_lang": "deu", "definition": "Vergleichskonjunktion", "definition_lang": "deu", "notation": "kokom", "namespace": 5, "legacy_id": "", "scheme": [137], "label": [], "skos_broader": [], "skos_narrower": [], "skos_related": [], "skos_broadmatch": [], "skos_exactmatch": [], "skos_closematch": []}}, {"model": "vocabs.skosconcept", "pk": 154, "fields": {"pref_label": "NN", "pref_label_lang": "deu", "definition": "normales Nomen", "definition_lang": "deu", "notation": "nn", "namespace": 5, "legacy_id": "", "scheme": [137], "label": [], "skos_broader": [], "skos_narrower": [], "skos_related": [], "skos_broadmatch": [], "skos_exactmatch": [], "skos_closematch": []}}, {"model": "vocabs.skosconcept", "pk": 155, "fields": {"pref_label": "NE", "pref_label_lang": "deu", "definition": "Eigennamen", "definition_lang": "deu", "notation": "ne", "namespace": 5, "legacy_id": "", "scheme": [137], "label": [], "skos_broader": [], "skos_narrower": [], "skos_related": [], "skos_broadmatch": [], "skos_exactmatch": [], "skos_closematch": []}}, {"model": "vocabs.skosconcept", "pk": 156, "fields": {"pref_label": "PDS", "pref_label_lang": "deu", "definition": "substituierendes Demonstrativpronomen", "definition_lang": "deu", "notation": "pds", "namespace": 5, "legacy_id": "", "scheme": [137], "label": [], "skos_broader": [], "skos_narrower": [], "skos_related": [], "skos_broadmatch": [], "skos_exactmatch": [], "skos_closematch": []}}, {"model": "vocabs.skosconcept", "pk": 157, "fields": {"pref_label": "PDAT", "pref_label_lang": "deu", "definition": "attribuierendes Demonstrativpronomen", "definition_lang": "deu", "notation": "pdat", "namespace": 5, "legacy_id": "", "scheme": [137], "label": [], "skos_broader": [], "skos_narrower": [], "skos_related": [], "skos_broadmatch": [], "skos_exactmatch": [], "skos_closematch": []}}, {"model": "vocabs.skosconcept", "pk": 158, "fields": {"pref_label": "PIS", "pref_label_lang": "deu", "definition": "substituierendes Indefinitpronomen", "definition_lang": "deu", "notation": "pis", "namespace": 5, "legacy_id": "", "scheme": [137], "label": [], "skos_broader": [], "skos_narrower": [], "skos_related": [], "skos_broadmatch": [], "skos_exactmatch": [], "skos_closematch": []}}, {"model": "vocabs.skosconcept", "pk": 159, "fields": {"pref_label": "PIAT", "pref_label_lang": "deu", "definition": "attribuierendes Indefinitpronomen ohne Determiner", "definition_lang": "deu", "notation": "piat", "namespace": 5, "legacy_id": "", "scheme": [137], "label": [], "skos_broader": [], "skos_narrower": [], "skos_related": [], "skos_broadmatch": [], "skos_exactmatch": [], "skos_closematch": []}}, {"model": "vocabs.skosconcept", "pk": 160, "fields": {"pref_label": "PIDAT", "pref_label_lang": "deu", "definition": "attribuierendes Indefinitpronomen mit Determiner", "definition_lang": "deu", "notation": "pidat", "namespace": 5, "legacy_id": "", "scheme": [137], "label": [], "skos_broader": [], "skos_narrower": [], "skos_related": [], "skos_broadmatch": [], "skos_exactmatch": [], "skos_closematch": []}}, {"model": "vocabs.skosconcept", "pk": 161, "fields": {"pref_label": "PPER", "pref_label_lang": "deu", "definition": "irreflexives Personalpronomen", "definition_lang": "deu", "notation": "pper", "namespace": 5, "legacy_id": "", "scheme": [137], "label": [], "skos_broader": [], "skos_narrower": [], "skos_related": [], "skos_broadmatch": [], "skos_exactmatch": [], "skos_closematch": []}}, {"model": "vocabs.skosconcept", "pk": 162, "fields": {"pref_label": "PPOSS", "pref_label_lang": "deu", "definition": "substituierendes Possessivpronomen", "definition_lang": "deu", "notation": "pposs", "namespace": 5, "legacy_id": "", "scheme": [137], "label": [], "skos_broader": [], "skos_narrower": [], "skos_related": [], "skos_broadmatch": [], "skos_exactmatch": [], "skos_closematch": []}}, {"model": "vocabs.skosconcept", "pk": 163, "fields": {"pref_label": "PPOSAT", "pref_label_lang": "deu", "definition": "attribuierendes Possessivpronomen", "definition_lang": "deu", "notation": "pposat", "namespace": 5, "legacy_id": "", "scheme": [137], "label": [], "skos_broader": [], "skos_narrower": [], "skos_related": [], "skos_broadmatch": [], "skos_exactmatch": [], "skos_closematch": []}}, {"model": "vocabs.skosconcept", "pk": 164, "fields": {"pref_label": "PRELS", "pref_label_lang": "deu", "definition": "substituierendes Relativpronomen", "definition_lang": "deu", "notation": "prels", "namespace": 5, "legacy_id": "", "scheme": [137], "label": [], "skos_broader": [], "skos_narrower": [], "skos_related": [], "skos_broadmatch": [], "skos_exactmatch": [], "skos_closematch": []}}, {"model": "vocabs.skosconcept", "pk": 165, "fields": {"pref_label": "PRELAT", "pref_label_lang": "deu", "definition": "attribuierendes Relativpronomen", "definition_lang": "deu", "notation": "prelat", "namespace": 5, "legacy_id": "", "scheme": [137], "label": [], "skos_broader": [], "skos_narrower": [], "skos_related": [], "skos_broadmatch": [], "skos_exactmatch": [], "skos_closematch": []}}, {"model": "vocabs.skosconcept", "pk": 166, "fields": {"pref_label": "PRF", "pref_label_lang": "deu", "definition": "reflexives Personalpronomen", "definition_lang": "deu", "notation": "prf", "namespace": 5, "legacy_id": "", "scheme": [137], "label": [], "skos_broader": [], "skos_narrower": [], "skos_related": [], "skos_broadmatch": [], "skos_exactmatch": [], "skos_closematch": []}}, {"model": "vocabs.skosconcept", "pk": 167, "fields": {"pref_label": "PWS", "pref_label_lang": "deu", "definition": "substituierendes Interrogativpronomen", "definition_lang": "deu", "notation": "pws", "namespace": 5, "legacy_id": "", "scheme": [137], "label": [], "skos_broader": [], "skos_narrower": [], "skos_related": [], "skos_broadmatch": [], "skos_exactmatch": [], "skos_closematch": []}}, {"model": "vocabs.skosconcept", "pk": 168, "fields": {"pref_label": "PWAT", "pref_label_lang": "deu", "definition": "attribuierendes Interrogativpronomen", "definition_lang": "deu", "notation": "pwat", "namespace": 5, "legacy_id": "", "scheme": [137], "label": [], "skos_broader": [], "skos_narrower": [], "skos_related": [], "skos_broadmatch": [], "skos_exactmatch": [], "skos_closematch": []}}, {"model": "vocabs.skosconcept", "pk": 169, "fields": {"pref_label": "PWAV", "pref_label_lang": "deu", "definition": "adverbiales Interrogativ- oder Relativpronomen", "definition_lang": "deu", "notation": "pwav", "namespace": 5, "legacy_id": "", "scheme": [137], "label": [], "skos_broader": [], "skos_narrower": [], "skos_related": [], "skos_broadmatch": [], "skos_exactmatch": [], "skos_closematch": []}}, {"model": "vocabs.skosconcept", "pk": 170, "fields": {"pref_label": "PAV", "pref_label_lang": "deu", "definition": "Pronominaladverb", "definition_lang": "deu", "notation": "pav", "namespace": 5, "legacy_id": "", "scheme": [137], "label": [], "skos_broader": [], "skos_narrower": [], "skos_related": [], "skos_broadmatch": [], "skos_exactmatch": [], "skos_closematch": []}}, {"model": "vocabs.skosconcept", "pk": 171, "fields": {"pref_label": "PTKZU", "pref_label_lang": "deu", "definition": "``zu'' vor Infinitiv", "definition_lang": "deu", "notation": "ptkzu", "namespace": 5, "legacy_id": "", "scheme": [137], "label": [], "skos_broader": [], "skos_narrower": [], "skos_related": [], "skos_broadmatch": [], "skos_exactmatch": [], "skos_closematch": []}}, {"model": "vocabs.skosconcept", "pk": 172, "fields": {"pref_label": "PTKNEG", "pref_label_lang": "deu", "definition": "Negationspartikel", "definition_lang": "deu", "notation": "ptkneg", "namespace": 5, "legacy_id": "", "scheme": [137], "label": [], "skos_broader": [], "skos_narrower": [], "skos_related": [], "skos_broadmatch": [], "skos_exactmatch": [], "skos_closematch": []}}, {"model": "vocabs.skosconcept", "pk": 173, "fields": {"pref_label": "PTKVZ", "pref_label_lang": "deu", "definition": "abgetrennter Verbzusatz", "definition_lang": "deu", "notation": "ptkvz", "namespace": 5, "legacy_id": "", "scheme": [137], "label": [], "skos_broader": [], "skos_narrower": [], "skos_related": [], "skos_broadmatch": [], "skos_exactmatch": [], "skos_closematch": []}}, {"model": "vocabs.skosconcept", "pk": 174, "fields": {"pref_label": "PTKANT", "pref_label_lang": "deu", "definition": "Antwortpartikel", "definition_lang": "deu", "notation": "ptkant", "namespace": 5, "legacy_id": "", "scheme": [137], "label": [], "skos_broader": [], "skos_narrower": [], "skos_related": [], "skos_broadmatch": [], "skos_exactmatch": [], "skos_closematch": []}}, {"model": "vocabs.skosconcept", "pk": 175, "fields": {"pref_label": "PTKA", "pref_label_lang": "deu", "definition": "Partikel bei Adjektiv oder Adverb", "definition_lang": "deu", "notation": "ptka", "namespace": 5, "legacy_id": "", "scheme": [137], "label": [], "skos_broader": [], "skos_narrower": [], "skos_related": [], "skos_broadmatch": [], "skos_exactmatch": [], "skos_closematch": []}}, {"model": "vocabs.skosconcept", "pk": 176, "fields": {"pref_label": "TRUNC", "pref_label_lang": "deu", "definition": "Kompositions-Erstglied", "definition_lang": "deu", "notation": "trunc", "namespace": 5, "legacy_id": "", "scheme": [137], "label": [], "skos_broader": [], "skos_narrower": [], "skos_related": [], "skos_broadmatch": [], "skos_exactmatch": [], "skos_closematch": []}}, {"model": "vocabs.skosconcept", "pk": 177, "fields": {"pref_label": "VVFIN", "pref_label_lang": "deu", "definition": "finites Verb, voll", "definition_lang": "deu", "notation": "vvfin", "namespace": 5, "legacy_id": "", "scheme": [137], "label": [], "skos_broader": [], "skos_narrower": [], "skos_related": [], "skos_broadmatch": [], "skos_exactmatch": [], "skos_closematch": []}}, {"model": "vocabs.skosconcept", "pk": 178, "fields": {"pref_label": "VVIMP", "pref_label_lang": "deu", "definition": "Imperativ, voll", "definition_lang": "deu", "notation": "vvimp", "namespace": 5, "legacy_id": "", "scheme": [137], "label": [], "skos_broader": [], "skos_narrower": [], "skos_related": [], "skos_broadmatch": [], "skos_exactmatch": [], "skos_closematch": []}}, {"model": "vocabs.skosconcept", "pk": 179, "fields": {"pref_label": "VVINF", "pref_label_lang": "deu", "definition": "Infinitiv, voll", "definition_lang": "deu", "notation": "vvinf", "namespace": 5, "legacy_id": "", "scheme": [137], "label": [], "skos_broader": [], "skos_narrower": [], "skos_related": [], "skos_broadmatch": [], "skos_exactmatch": [], "skos_closematch": []}}, {"model": "vocabs.skosconcept", "pk": 180, "fields": {"pref_label": "VVIZU", "pref_label_lang": "deu", "definition": "Infinitiv mit ``zu'', voll", "definition_lang": "deu", "notation": "vvizu", "namespace": 5, "legacy_id": "", "scheme": [137], "label": [], "skos_broader": [], "skos_narrower": [], "skos_related": [], "skos_broadmatch": [], "skos_exactmatch": [], "skos_closematch": []}}, {"model": "vocabs.skosconcept", "pk": 181, "fields": {"pref_label": "VVPP", "pref_label_lang": "deu", "definition": "Partizip Perfekt, voll", "definition_lang": "deu", "notation": "vvpp", "namespace": 5, "legacy_id": "", "scheme": [137], "label": [], "skos_broader": [], "skos_narrower": [], "skos_related": [], "skos_broadmatch": [], "skos_exactmatch": [], "skos_closematch": []}}, {"model": "vocabs.skosconcept", "pk": 182, "fields": {"pref_label": "VAFIN", "pref_label_lang": "deu", "definition": "finites Verb, aux", "definition_lang": "deu", "notation": "vafin", "namespace": 5, "legacy_id": "", "scheme": [137], "label": [], "skos_broader": [], "skos_narrower": [], "skos_related": [], "skos_broadmatch": [], "skos_exactmatch": [], "skos_closematch": []}}, {"model": "vocabs.skosconcept", "pk": 183, "fields": {"pref_label": "VAIMP", "pref_label_lang": "deu", "definition": "Imperativ, aux", "definition_lang": "deu", "notation": "vaimp", "namespace": 5, "legacy_id": "", "scheme": [137], "label": [], "skos_broader": [], "skos_narrower": [], "skos_related": [], "skos_broadmatch": [], "skos_exactmatch": [], "skos_closematch": []}}, {"model": "vocabs.skosconcept", "pk": 184, "fields": {"pref_label": "VAINF", "pref_label_lang": "deu", "definition": "Infinitiv, aux", "definition_lang": "deu", "notation": "vainf", "namespace": 5, "legacy_id": "", "scheme": [137], "label": [], "skos_broader": [], "skos_narrower": [], "skos_related": [], "skos_broadmatch": [], "skos_exactmatch": [], "skos_closematch": []}}, {"model": "vocabs.skosconcept", "pk": 185, "fields": {"pref_label": "VAPP", "pref_label_lang": "deu", "definition": "Partizip Perfekt, aux", "definition_lang": "deu", "notation": "vapp", "namespace": 5, "legacy_id": "", "scheme": [137], "label": [], "skos_broader": [], "skos_narrower": [], "skos_related": [], "skos_broadmatch": [], "skos_exactmatch": [], "skos_closematch": []}}, {"model": "vocabs.skosconcept", "pk": 186, "fields": {"pref_label": "VMFIN", "pref_label_lang": "deu", "definition": "finites Verb, modal", "definition_lang": "deu", "notation": "vmfin", "namespace": 5, "legacy_id": "", "scheme": [137], "label": [], "skos_broader": [], "skos_narrower": [], "skos_related": [], "skos_broadmatch": [], "skos_exactmatch": [], "skos_closematch": []}}, {"model": "vocabs.skosconcept", "pk": 187, "fields": {"pref_label": "VMINF", "pref_label_lang": "deu", "definition": "Infinitiv, modal", "definition_lang": "deu", "notation": "vminf", "namespace": 5, "legacy_id": "", "scheme": [137], "label": [], "skos_broader": [], "skos_narrower": [], "skos_related": [], "skos_broadmatch": [], "skos_exactmatch": [], "skos_closematch": []}}, {"model": "vocabs.skosconcept", "pk": 188, "fields": {"pref_label": "VMPP", "pref_label_lang": "deu", "definition": "Partizip Perfekt, modal", "definition_lang": "deu", "notation": "vmpp", "namespace": 5, "legacy_id": "", "scheme": [137], "label": [], "skos_broader": [], "skos_narrower": [], "skos_related": [], "skos_broadmatch": [], "skos_exactmatch": [], "skos_closematch": []}}, {"model": "vocabs.skosconcept", "pk": 189, "fields": {"pref_label": "XY", "pref_label_lang": "deu", "definition": "Nichtwort, Sonderzeichen enthaltend", "definition_lang": "deu", "notation": "xy", "namespace": 5, "legacy_id": "", "scheme": [137], "label": [], "skos_broader": [], "skos_narrower": [], "skos_related": [], "skos_broadmatch": [], "skos_exactmatch": [], "skos_closematch": []}}, {"model": "vocabs.skosconcept", "pk": 190, "fields": {"pref_label": "$,", "pref_label_lang": "deu", "definition": "Komma", "definition_lang": "deu", "notation": "-1", "namespace": 5, "legacy_id": "", "scheme": [137], "label": [], "skos_broader": [], "skos_narrower": [], "skos_related": [], "skos_broadmatch": [], "skos_exactmatch": [], "skos_closematch": []}}, {"model": "vocabs.skosconcept", "pk": 191, "fields": {"pref_label": "$.", "pref_label_lang": "deu", "definition": "Satzbeendende Interpunktion", "definition_lang": "deu", "notation": "-1", "namespace": 5, "legacy_id": "", "scheme": [137], "label": [], "skos_broader": [], "skos_narrower": [], "skos_related": [], "skos_broadmatch": [], "skos_exactmatch": [], "skos_closematch": []}}, {"model": "vocabs.skosconcept", "pk": 192, "fields": {"pref_label": "$(", "pref_label_lang": "deu", "definition": "sonstige Satzzeichen; satzintern", "definition_lang": "deu", "notation": "-1", "namespace": 5, "legacy_id": "", "scheme": [137], "label": [], "skos_broader": [], "skos_narrower": [], "skos_related": [], "skos_broadmatch": [], "skos_exactmatch": [], "skos_closematch": []}}, {"model": "places.place", "pk": 4, "fields": {"name": "Arcueil", "geonames_id": "3037157", "lat": "48.799930000000", "lng": "2.332560000000", "part_of": null, "place_type": "city", "alternative_name": []}}, {"model": "places.place", "pk": 12, "fields": {"name": "Chaville", "geonames_id": "3025715", "lat": "48.805650000000", "lng": "2.188640000000", "part_of": null, "place_type": "city", "alternative_name": []}}, {"model": "places.place", "pk": 82, "fields": {"name": "Venedig", "geonames_id": "3164603", "lat": "45.437130000000", "lng": "12.332650000000", "part_of": null, "place_type": "city", "alternative_name": []}}, {"model": "places.place", "pk": 83, "fields": {"name": "Aquileia", "geonames_id": "3182943", "lat": "45.768300000000", "lng": "13.367790000000", "part_of": null, "place_type": "city", "alternative_name": []}}, {"model": "places.place", "pk": 84, "fields": {"name": "Gemona del Friuli", "geonames_id": "6540233", "lat": "46.275830000000", "lng": "13.124920000000", "part_of": null, "place_type": "city", "alternative_name": []}}, {"model": "places.place", "pk": 85, "fields": {"name": "Brazzano di Corm\u00f2ns", "geonames_id": "", "lat": null, "lng": null, "part_of": null, "place_type": "city", "alternative_name": []}}, {"model": "places.place", "pk": 86, "fields": {"name": "Paris", "geonames_id": "2988507", "lat": "48.853410000000", "lng": "2.348800000000", "part_of": null, "place_type": "city", "alternative_name": []}}, {"model": "bib.person", "pk": 1, "fields": {"first_name": "Peter", "last_name": "Handke", "person_gnd": "http://d-nb.info/gnd/118545574"}}, {"model": "bib.person", "pk": 2, "fields": {"first_name": "William", "last_name": "Shakespeare", "person_gnd": null}}, {"model": "bib.book", "pk": "4UZ74EFC", "fields": {"author": "Handke, Peter", "title": "Die Unvern\u00fcnftigen sterben aus", "siglum": null, "publication_title": null, "short_title": "", "publication_year": null, "book_gnd": null, "item_type": "bookSection", "book_author": [], "pub_place": [], "book_type": []}}, {"model": "bib.book", "pk": "5Q75UQS7", "fields": {"author": "Handke, Peter", "title": "Untertagblues. Ein Stationendrama", "siglum": null, "publication_title": null, "short_title": "", "publication_year": null, "book_gnd": null, "item_type": "book", "book_author": [], "pub_place": [], "book_type": []}}, {"model": "bib.book", "pk": "8USZXAGD", "fields": {"author": "Handke, Peter", "title": "Quodlibet", "siglum": null, "publication_title": null, "short_title": "", "publication_year": null, "book_gnd": null, "item_type": "bookSection", "book_author": [], "pub_place": [], "book_type": []}}, {"model": "bib.book", "pk": "9WFW7E4V", "fields": {"author": "Handke, Peter", "title": "Jusqu'\u00e0 ce que le jour vous s\u00e9pare ou Une question de lumi\u00e8re", "siglum": null, "publication_title": null, "short_title": "", "publication_year": null, "book_gnd": null, "item_type": "bookSection", "book_author": [], "pub_place": [], "book_type": []}}, {"model": "bib.book", "pk": "ACBIGU2W", "fields": {"author": "Handke, Peter", "title": "Selbstbezichtigung", "siglum": null, "publication_title": null, "short_title": "", "publication_year": null, "book_gnd": null, "item_type": "bookSection", "book_author": [], "pub_place": [], "book_type": []}}, {"model": "bib.book", "pk": "ADBV658I", "fields": {"author": "Genet, Jean", "title": "Splendid's. Aus dem Franz\u00f6sischen von Peter Handke", "siglum": null, "publication_title": null, "short_title": "", "publication_year": null, "book_gnd": null, "item_type": "bookSection", "book_author": [], "pub_place": [], "book_type": []}}, {"model": "bib.book", "pk": "AEWRT59S", "fields": {"author": "Handke, Peter", "title": "Die Stunde da wir nichts voneinander wu\u00dften. Ein Schauspiel", "siglum": null, "publication_title": null, "short_title": "", "publication_year": null, "book_gnd": null, "item_type": "bookSection", "book_author": [], "pub_place": [], "book_type": []}}, {"model": "bib.book", "pk": "AQCFNWA3", "fields": {"author": "Sophokles", "title": "\u00d6dipus in Kolonos. Vom Altgriechischen ins Deutsche \u00fcbertragen von Peter Handke", "siglum": null, "publication_title": null, "short_title": "", "publication_year": null, "book_gnd": null, "item_type": "book", "book_author": [], "pub_place": [], "book_type": []}}, {"model": "bib.book", "pk": "BDWUXKMM", "fields": {"author": "Handke, Peter", "title": "Les beaux jours d'Aranjuez. Un dialogue d'\u00e9t\u00e9", "siglum": null, "publication_title": null, "short_title": "", "publication_year": null, "book_gnd": null, "item_type": "book", "book_author": [], "pub_place": [], "book_type": []}}, {"model": "bib.book", "pk": "C3238IQH", "fields": {"author": "Genet, Jean", "title": "Splendid's. Sie. Aus dem Franz\u00f6sischen von Peter Handke und Peter Krumme", "siglum": null, "publication_title": null, "short_title": "", "publication_year": null, "book_gnd": null, "item_type": "book", "book_author": [], "pub_place": [], "book_type": []}}, {"model": "bib.book", "pk": "CTVQ525I", "fields": {"author": "Handke, Peter", "title": "Das M\u00fcndel will Vormund sein", "siglum": null, "publication_title": null, "short_title": "", "publication_year": null, "book_gnd": null, "item_type": "bookSection", "book_author": [], "pub_place": [], "book_type": []}}, {"model": "bib.book", "pk": "D9E77TU4", "fields": {"author": "Handke, Peter", "title": "Publikumsbeschimpfung", "siglum": null, "publication_title": null, "short_title": "", "publication_year": null, "book_gnd": null, "item_type": "bookSection", "book_author": [], "pub_place": [], "book_type": []}}, {"model": "bib.book", "pk": "EJEQ9QHK", "fields": {"author": "Handke, Peter", "title": "Pourquoi la cuisine? Textes \u00e9crits pour le spectacle \"La cuisine\" de Mladen Materi\u0107", "siglum": null, "publication_title": null, "short_title": "", "publication_year": null, "book_gnd": null, "item_type": "book", "book_author": [], "pub_place": [], "book_type": []}}, {"model": "bib.book", "pk": "FC8HZNBU", "fields": {"author": "Handke, Peter", "title": "Bis das der Tag euch scheidet oder Eine Frage des Lichts. Ein Monolog. Deutsche Version (2008) und Franz\u00f6sische Erstschrift (2007)", "siglum": null, "publication_title": null, "short_title": "", "publication_year": null, "book_gnd": null, "item_type": "book", "book_author": [], "pub_place": [], "book_type": []}}, {"model": "bib.book", "pk": "HT34TN7V", "fields": {"author": "Handke, Peter", "title": "Die sch\u00f6nen Tage von Aranjuez. Ein Sommerdialog", "siglum": null, "publication_title": null, "short_title": "", "publication_year": null, "book_gnd": null, "item_type": "book", "book_author": [], "pub_place": [], "book_type": []}}, {"model": "bib.book", "pk": "ISD3PBBC", "fields": {"author": "Handke, Peter", "title": "Publikumsbeschimpfung und andere Sprechst\u00fccke", "siglum": null, "publication_title": null, "short_title": "", "publication_year": null, "book_gnd": null, "item_type": "book", "book_author": [], "pub_place": [], "book_type": []}}, {"model": "bib.book", "pk": "JS9QTJ3B", "fields": {"author": "Handke, Peter", "title": "Immer noch Sturm", "siglum": null, "publication_title": null, "short_title": "", "publication_year": null, "book_gnd": null, "item_type": "book", "book_author": [], "pub_place": [], "book_type": []}}, {"model": "bib.book", "pk": "KZTTUB85", "fields": {"author": "Handke, Peter", "title": "Warum eine K\u00fcche? Texte f\u00fcr das Schauspiel La Cuisine von Mladen Materi\u0107", "siglum": null, "publication_title": null, "short_title": "", "publication_year": null, "book_gnd": null, "item_type": "book", "book_author": [], "pub_place": [], "book_type": []}}, {"model": "bib.book", "pk": "M6K45T98", "fields": {"author": "Aischylos", "title": "Prometheus, gefesselt. \u00dcbertragen von Peter Handke", "siglum": null, "publication_title": null, "short_title": "", "publication_year": null, "book_gnd": null, "item_type": "book", "book_author": [], "pub_place": [], "book_type": []}}, {"model": "bib.book", "pk": "PMRHI5TI", "fields": {"author": "Handke, Peter", "title": "Zur\u00fcstungen f\u00fcr die Unsterblichkeit. Ein K\u00f6nigsdrama", "siglum": null, "publication_title": null, "short_title": "", "publication_year": null, "book_gnd": null, "item_type": "book", "book_author": [], "pub_place": [], "book_type": []}}, {"model": "bib.book", "pk": "Q8EB4ZR9", "fields": {"author": "Handke, Peter", "title": "Das Spiel vom Fragen oder Die Reise zum Sonoren Land", "siglum": null, "publication_title": null, "short_title": "", "publication_year": null, "book_gnd": null, "item_type": "bookSection", "book_author": [], "pub_place": [], "book_type": []}}, {"model": "bib.book", "pk": "QANZBTAX", "fields": {"author": "Handke, Peter", "title": "Spuren der Verirrten", "siglum": null, "publication_title": null, "short_title": "", "publication_year": null, "book_gnd": null, "item_type": "book", "book_author": [], "pub_place": [], "book_type": []}}, {"model": "bib.book", "pk": "QUZGXJTJ", "fields": {"author": "Handke, Peter", "title": "Bis das der Tag euch scheidet oder Eine Frage des Lichts. Ein Monolog", "siglum": null, "publication_title": null, "short_title": "", "publication_year": null, "book_gnd": null, "item_type": "bookSection", "book_author": [], "pub_place": [], "book_type": []}}, {"model": "bib.book", "pk": "SJFPV2TA", "fields": {"author": "Handke, Peter", "title": "Die Unschuldigen, ich und die Unbekannte am Rand der Landstra\u00dfe. Ein Schauspiel in vier Jahreszeiten", "siglum": null, "publication_title": null, "short_title": "", "publication_year": null, "book_gnd": null, "item_type": "book", "book_author": [], "pub_place": [], "book_type": []}}, {"model": "bib.book", "pk": "UDA6CGPR", "fields": {"author": "Handke, Peter", "title": "Kaspar", "siglum": null, "publication_title": null, "short_title": "", "publication_year": null, "book_gnd": null, "item_type": "bookSection", "book_author": [], "pub_place": [], "book_type": []}}, {"model": "bib.book", "pk": "VNUBJF7N", "fields": {"author": "Handke, Peter", "title": "Weisssagung", "siglum": null, "publication_title": null, "short_title": "", "publication_year": null, "book_gnd": null, "item_type": "bookSection", "book_author": [], "pub_place": [], "book_type": []}}, {"model": "bib.book", "pk": "VXE2JTG8", "fields": {"author": "Handke, Peter", "title": "\u00dcber die D\u00f6rfer. Dramatisches Gedicht", "siglum": null, "publication_title": null, "short_title": "", "publication_year": null, "book_gnd": null, "item_type": "book", "book_author": [], "pub_place": [], "book_type": []}}, {"model": "bib.book", "pk": "WBN64R88", "fields": {"author": "Handke, Peter", "title": "Die Fahrt im Einbaum oder Das St\u00fcck zum Film vom Krieg", "siglum": null, "publication_title": null, "short_title": "", "publication_year": null, "book_gnd": null, "item_type": "book", "book_author": [], "pub_place": [], "book_type": []}}, {"model": "bib.book", "pk": "WGT495QA", "fields": {"author": "Shakespeare, William", "title": "Das Winterm\u00e4rchen. Deutsch von Peter Handke", "siglum": null, "publication_title": null, "short_title": "", "publication_year": null, "book_gnd": null, "item_type": "book", "book_author": [], "pub_place": [], "book_type": []}}, {"model": "bib.book", "pk": "WTHMTTAX", "fields": {"author": "Handke, Peter", "title": "Der Ritt \u00fcber den Bodensee", "siglum": null, "publication_title": null, "short_title": "", "publication_year": null, "book_gnd": null, "item_type": "bookSection", "book_author": [], "pub_place": [], "book_type": []}}, {"model": "bib.book", "pk": "X6WAH64D", "fields": {"author": "Handke, Peter", "title": "Theaterst\u00fccke in einem Band", "siglum": null, "publication_title": null, "short_title": "", "publication_year": null, "book_gnd": null, "item_type": "book", "book_author": [], "pub_place": [], "book_type": []}}, {"model": "bib.book", "pk": "XSM6RHRS", "fields": {"author": "Handke, Peter", "title": "Hilferufe", "siglum": null, "publication_title": null, "short_title": "", "publication_year": null, "book_gnd": null, "item_type": "bookSection", "book_author": [], "pub_place": [], "book_type": []}}, {"model": "bib.book", "pk": "ZVUGUMT4", "fields": {"author": "Euripides", "title": "Helena. Aus dem Altgriechischen von Peter Handke. Mit Anmerkungen zur \u00dcbersetzung", "siglum": null, "publication_title": null, "short_title": "", "publication_year": null, "book_gnd": null, "item_type": "book", "book_author": [], "pub_place": [], "book_type": []}}, {"model": "bib.work", "pk": 3, "fields": {"title": "Das Winterm\u00e4rchen", "creation_start_date": "1990-03-27", "creation_end_date": "1990-06-06", "start_date_sure": true, "end_date_sure": true, "creation_place_sure": true, "main_language": null, "has_translation": null, "work_author": [2], "work_translator": [1], "alt_title": [], "creation_place": [4], "published_in": ["WGT495QA"], "work_type": [7]}}, {"model": "bib.work", "pk": 11, "fields": {"title": "Jusqu'\u00e0 ce que le jour vous s\u00e9pare ou Une question de lumi\u00e8re", "creation_start_date": "2007-09-01", "creation_end_date": "2007-09-30", "start_date_sure": false, "end_date_sure": false, "creation_place_sure": false, "main_language": 15, "has_translation": 17, "work_author": [1], "work_translator": [], "alt_title": [], "creation_place": [12], "published_in": ["9WFW7E4V"], "work_type": [13]}}, {"model": "bib.work", "pk": 17, "fields": {"title": "Bis da\u00df der Tag euch scheidet oder Eine Frage des Lichts. Ein Monolog", "creation_start_date": "2008-10-01", "creation_end_date": "2008-10-31", "start_date_sure": false, "end_date_sure": false, "creation_place_sure": false, "main_language": 18, "has_translation": null, "work_author": [1], "work_translator": [1], "alt_title": [], "creation_place": [12], "published_in": ["QUZGXJTJ"], "work_type": [16]}}, {"model": "bib.work", "pk": 64, "fields": {"title": "Spuren der Verirrten", "creation_start_date": "2005-07-05", "creation_end_date": "2005-07-22", "start_date_sure": true, "end_date_sure": true, "creation_place_sure": false, "main_language": 18, "has_translation": null, "work_author": [1], "work_translator": [], "alt_title": [], "creation_place": [12], "published_in": ["QANZBTAX"], "work_type": [63]}}, {"model": "bib.work", "pk": 87, "fields": {"title": "Das Spiel vom Fragen oder Die Reise zum Sonoren Land", "creation_start_date": "1988-06-07", "creation_end_date": "1988-08-04", "start_date_sure": true, "end_date_sure": true, "creation_place_sure": true, "main_language": 18, "has_translation": null, "work_author": [1], "work_translator": [], "alt_title": [81], "creation_place": [82, 83, 84, 85, 86], "published_in": ["Q8EB4ZR9"], "work_type": [63]}}, {"model": "bib.speaker", "pk": 22, "fields": {"name": "Leontes", "definition": null, "alt_name": []}}, {"model": "bib.speaker", "pk": 31, "fields": {"name": "Szenenanweisung", "definition": null, "alt_name": []}}, {"model": "bib.speaker", "pk": 33, "fields": {"name": "W\u00e4rter", "definition": "(in: Das Winterm\u00e4rchen)", "alt_name": []}}, {"model": "bib.speaker", "pk": 35, "fields": {"name": "Diener", "definition": "(in: Das Winterm\u00e4rchen)", "alt_name": []}}, {"model": "bib.speaker", "pk": 38, "fields": {"name": "Autolycus", "definition": null, "alt_name": []}}, {"model": "bib.speaker", "pk": 41, "fields": {"name": "Bub", "definition": "(in: Das Winterm\u00e4rchen)", "alt_name": []}}, {"model": "bib.speaker", "pk": 47, "fields": {"name": "Camillo", "definition": null, "alt_name": []}}, {"model": "bib.speaker", "pk": 55, "fields": {"name": "Sch\u00e4fer", "definition": "(in: Das Winterm\u00e4rchen)", "alt_name": []}}, {"model": "bib.speaker", "pk": 59, "fields": {"name": "Zweiter Hofmann", "definition": "(in: Das Winterm\u00e4rchen)", "alt_name": []}}, {"model": "bib.speaker", "pk": 66, "fields": {"name": "Szenenanweisung", "definition": "(in: Spuren der Verirrten)", "alt_name": []}}, {"model": "bib.speaker", "pk": 90, "fields": {"name": "Parzival", "definition": null, "alt_name": []}}, {"model": "bib.speaker", "pk": 104, "fields": {"name": "Spielverderber", "definition": null, "alt_name": []}}, {"model": "bib.speaker", "pk": 110, "fields": {"name": "Einheimischer", "definition": "(in: Das Spiel vom Fragen)", "alt_name": []}}, {"model": "bib.speaker", "pk": 117, "fields": {"name": "Schauspieler", "definition": "(in: Das Spiel vom Fragen)", "alt_name": []}}, {"model": "bib.speaker", "pk": 119, "fields": {"name": "Schauspielerin", "definition": "(in: Das Spiel vom Fragen)", "alt_name": []}}, {"model": "bib.quote", "pk": 19, "fields": {"book_source": "WGT495QA", "startpage": 17, "endpage": 17, "text": "Tremor cordis, mein Herz flimmert, mein Herz tanzt,\r\nDoch nicht aus Freude - nicht aus Freude.", "quote_type": [], "part_of": [], "auto_trans": []}}, {"model": "bib.quote", "pk": 24, "fields": {"book_source": "WGT495QA", "startpage": 17, "endpage": 17, "text": "Komm Capitain,\r\nWir m\u00fcssen rein sein; rein? nein, fein s\u00e4uberlich, mein Capitain", "quote_type": [], "part_of": [], "auto_trans": []}}, {"model": "bib.quote", "pk": 30, "fields": {"book_source": "WGT495QA", "startpage": 9, "endpage": 9, "text": "Exeunt.", "quote_type": [], "part_of": [], "auto_trans": []}}, {"model": "bib.quote", "pk": 34, "fields": {"book_source": "WGT495QA", "startpage": 107, "endpage": 107, "text": "und k\u00e4men sie auch en gros zu ihm", "quote_type": [], "part_of": [], "auto_trans": []}}, {"model": "bib.quote", "pk": 37, "fields": {"book_source": "WGT495QA", "startpage": 108, "endpage": 108, "text": "Kauft, Burschen, oder eure Girls, sie laufen.", "quote_type": [], "part_of": [], "auto_trans": []}}, {"model": "bib.quote", "pk": 40, "fields": {"book_source": "WGT495QA", "startpage": 114, "endpage": 114, "text": "Folgt mir, girls.", "quote_type": [], "part_of": [], "auto_trans": []}}, {"model": "bib.quote", "pk": 43, "fields": {"book_source": "WGT495QA", "startpage": 114, "endpage": 114, "text": "Los, kauf dir ein Tape\r\nOder einen Putz f\u00fcr dein Cape", "quote_type": [], "part_of": [], "auto_trans": []}}, {"model": "bib.quote", "pk": 46, "fields": {"book_source": "WGT495QA", "startpage": 132, "endpage": 132, "text": "Nehmt eures Sweethearts\r\nHut", "quote_type": [], "part_of": [], "auto_trans": []}}, {"model": "bib.quote", "pk": 49, "fields": {"book_source": "WGT495QA", "startpage": 137, "endpage": 137, "text": "Strahle ich nicht auf deine B a s s e s s e Hof-\r\nHautgo\u00fbt aus?", "quote_type": [], "part_of": [], "auto_trans": []}}, {"model": "bib.quote", "pk": 54, "fields": {"book_source": "WGT495QA", "startpage": 141, "endpage": 141, "text": "Ay, Sir.", "quote_type": [], "part_of": [], "auto_trans": []}}, {"model": "bib.quote", "pk": 58, "fields": {"book_source": "WGT495QA", "startpage": 157, "endpage": 157, "text": "Hier kommt Lady Paulinas Verwalter", "quote_type": [], "part_of": [], "auto_trans": []}}, {"model": "bib.quote", "pk": 61, "fields": {"book_source": "WGT495QA", "startpage": 174, "endpage": 174, "text": "The End", "quote_type": [], "part_of": [], "auto_trans": []}}, {"model": "bib.quote", "pk": 65, "fields": {"book_source": "QANZBTAX", "startpage": 54, "endpage": 54, "text": "Daf\u00fcr h\u00e4lt der Junge das Messer vor sich hin, als eine Art corpus delicti.", "quote_type": [], "part_of": [], "auto_trans": []}}, {"model": "bib.quote", "pk": 68, "fields": {"book_source": "QANZBTAX", "startpage": 67, "endpage": 67, "text": "Oder du schl\u00e4gst im Weltw\u00f6rterbuch nach und st\u00f6\u00dft buchst\u00e4blich jedesmal wieder auf dasselbe einzige Wort, und in unserem Fall hier w\u00e4re das zum Beispiel ein arabisches: eines ohne Selbstlaute, einzig aus Konsonanten, dnk, und das hei\u00dft: k\u00fcmmerliches Leben.", "quote_type": [], "part_of": [], "auto_trans": []}}, {"model": "bib.quote", "pk": 73, "fields": {"book_source": "QANZBTAX", "startpage": 68, "endpage": 68, "text": "No U-turn. No milk today: my love has gone away. Keine Butterbrote mehr. Keine Kronprinz-Rudolf-\u00c4pfel mehr. Und nimmermehr wird einer euer Dritter sein.", "quote_type": [], "part_of": [], "auto_trans": []}}, {"model": "bib.quote", "pk": 78, "fields": {"book_source": "QANZBTAX", "startpage": 75, "endpage": 75, "text": "Ein Killer zu zage zum Killen.", "quote_type": [], "part_of": [], "auto_trans": []}}, {"model": "bib.quote", "pk": 88, "fields": {"book_source": "Q8EB4ZR9", "startpage": 479, "endpage": 479, "text": "Non \u00e9 possibile - Et moi et moi et moi - Reisen bildet - Dober dan - E=mc2 - Wir m\u00fcssen leider hier drau\u00dfen bleiben - Nahm er das Brot, brach es - Wo ich die Liebste fand - Phalatrsnawayragya - Sonst wird dich der J\u00e4ger holen - N\u00e4chste Station: Hakubutsukandobutsuen - Toisin autoisin potamoisin epibainusin hetera kai hetera hydata epirrhei - Somewhere I lost connection - Miserere nobis - O w\u00e4r ich\r\nnie mehr allein!", "quote_type": [], "part_of": [], "auto_trans": []}}, {"model": "bib.quote", "pk": 103, "fields": {"book_source": "Q8EB4ZR9", "startpage": 480, "endpage": 480, "text": "\u00c4gyptische Finsternis. Gnothi seauton. Olio extra vergine d'oliva. [...] Perestroika! Meergr\u00fcn...", "quote_type": [], "part_of": [], "auto_trans": []}}, {"model": "bib.quote", "pk": 109, "fields": {"book_source": "Q8EB4ZR9", "startpage": 487, "endpage": 487, "text": "Bel pacific! Zeit genug!", "quote_type": [], "part_of": [], "auto_trans": []}}, {"model": "bib.quote", "pk": 112, "fields": {"book_source": "Q8EB4ZR9", "startpage": 515, "endpage": 515, "text": "Er will mich einfangen f\u00fcr seine Story", "quote_type": [], "part_of": [], "auto_trans": []}}, {"model": "bib.quote", "pk": 114, "fields": {"book_source": "Q8EB4ZR9", "startpage": 517, "endpage": 517, "text": "Er: 'Ja. Kennst du die \u00dcbersetzung des Namens Nofretete?' \r\nSie: 'Die Sch\u00f6nheit ist angekommen.'", "quote_type": [], "part_of": [], "auto_trans": []}}, {"model": "bib.quote", "pk": 121, "fields": {"book_source": "Q8EB4ZR9", "startpage": 523, "endpage": 524, "text": "Parzival: Frag mich trotzdem, gleich was.\r\nEinheimischer: Dove va?\r\nParzival: \u00c0 Medea.\r\nEinheimischer: Solo?\r\nParzival: Si.\r\nEinheimischer: Dio mio! Pause.\r\nParzival: Frag mich noch etwas. Nicht aufh\u00f6ren. Weiterfragen.\r\nEinheimischer: Tu n'as pas peur si seul dans la for\u00eat, pieds nus?\r\nParzival: Non, pas du tout.\r\nEinheimischer: Tu es canadien?\r\nParzival: Oui. \r\nEinheimischer zieht mit der Hand in seinem Gesicht das Parzivals nach: \u00c7a c'est voit! \r\nSie lachen gemeinsam.", "quote_type": [], "part_of": [], "auto_trans": []}}, {"model": "bib.quote", "pk": 133, "fields": {"book_source": "Q8EB4ZR9", "startpage": 526, "endpage": 526, "text": "Klippe von Finisterre namens 'Bocca di Inferno'", "quote_type": [], "part_of": [], "auto_trans": []}}, {"model": "bib.quote", "pk": 135, "fields": {"book_source": "Q8EB4ZR9", "startpage": 538, "endpage": 538, "text": "Was aber bleibt mein tiefstes Bild? Das eines j\u00e4mmerlich Fl\u00fcchtenden. You can run but you cannot hide.", "quote_type": [], "part_of": [], "auto_trans": []}}, {"model": "bib.partofquote", "pk": 20, "fields": {"text": "mein Herz flimmert", "part_of": null, "source": 3, "follows": null, "correct_translation_sure": true, "language": 18, "translates": [23], "partofquote_type": [], "speaker": [22]}}, {"model": "bib.partofquote", "pk": 23, "fields": {"text": "Tremor cordis", "part_of": null, "source": 3, "follows": null, "correct_translation_sure": true, "language": 21, "translates": [20], "partofquote_type": [53], "speaker": [22]}}, {"model": "bib.partofquote", "pk": 26, "fields": {"text": "Capitain", "part_of": null, "source": 3, "follows": null, "correct_translation_sure": true, "language": 25, "translates": [], "partofquote_type": [28, 52], "speaker": [22]}}, {"model": "bib.partofquote", "pk": 29, "fields": {"text": "Capitain", "part_of": null, "source": 3, "follows": null, "correct_translation_sure": true, "language": 25, "translates": [], "partofquote_type": [28, 52], "speaker": [22]}}, {"model": "bib.partofquote", "pk": 32, "fields": {"text": "Exeunt", "part_of": null, "source": 3, "follows": null, "correct_translation_sure": true, "language": 21, "translates": [], "partofquote_type": [52, 53], "speaker": [31]}}, {"model": "bib.partofquote", "pk": 36, "fields": {"text": "en gros", "part_of": null, "source": 3, "follows": null, "correct_translation_sure": true, "language": 15, "translates": [], "partofquote_type": [53], "speaker": [35]}}, {"model": "bib.partofquote", "pk": 39, "fields": {"text": "Girls", "part_of": null, "source": 3, "follows": null, "correct_translation_sure": true, "language": 25, "translates": [], "partofquote_type": [52], "speaker": [38]}}, {"model": "bib.partofquote", "pk": 42, "fields": {"text": "girls", "part_of": 40, "source": 3, "follows": null, "correct_translation_sure": true, "language": 25, "translates": [], "partofquote_type": [28, 52], "speaker": [41]}}, {"model": "bib.partofquote", "pk": 44, "fields": {"text": "Tape", "part_of": 43, "source": 3, "follows": null, "correct_translation_sure": true, "language": 25, "translates": [], "partofquote_type": [52], "speaker": [38]}}, {"model": "bib.partofquote", "pk": 45, "fields": {"text": "Cape", "part_of": 43, "source": 3, "follows": null, "correct_translation_sure": true, "language": 25, "translates": [], "partofquote_type": [52], "speaker": [38]}}, {"model": "bib.partofquote", "pk": 48, "fields": {"text": "Sweetheart", "part_of": 46, "source": 3, "follows": null, "correct_translation_sure": true, "language": 25, "translates": [], "partofquote_type": [52], "speaker": [47]}}, {"model": "bib.partofquote", "pk": 50, "fields": {"text": "Bassesse", "part_of": 49, "source": 3, "follows": null, "correct_translation_sure": true, "language": 15, "translates": [], "partofquote_type": [52], "speaker": [38]}}, {"model": "bib.partofquote", "pk": 51, "fields": {"text": "Hautgo\u00fbt", "part_of": 49, "source": 3, "follows": null, "correct_translation_sure": true, "language": 15, "translates": [], "partofquote_type": [52], "speaker": [38]}}, {"model": "bib.partofquote", "pk": 56, "fields": {"text": "Ay", "part_of": 54, "source": 3, "follows": null, "correct_translation_sure": true, "language": 25, "translates": [], "partofquote_type": [52], "speaker": [55]}}, {"model": "bib.partofquote", "pk": 57, "fields": {"text": "Sir", "part_of": 54, "source": 3, "follows": 56, "correct_translation_sure": true, "language": 25, "translates": [], "partofquote_type": [28, 52], "speaker": [55]}}, {"model": "bib.partofquote", "pk": 60, "fields": {"text": "Lady", "part_of": 58, "source": 3, "follows": null, "correct_translation_sure": true, "language": 25, "translates": [], "partofquote_type": [28, 52], "speaker": [59]}}, {"model": "bib.partofquote", "pk": 62, "fields": {"text": "The End", "part_of": 61, "source": 3, "follows": null, "correct_translation_sure": true, "language": 25, "translates": [], "partofquote_type": [52, 53], "speaker": [31]}}, {"model": "bib.partofquote", "pk": 67, "fields": {"text": "corpus delicti", "part_of": 65, "source": 64, "follows": null, "correct_translation_sure": true, "language": 21, "translates": [], "partofquote_type": [52, 53], "speaker": [66]}}, {"model": "bib.partofquote", "pk": 70, "fields": {"text": "dnk", "part_of": 68, "source": 64, "follows": null, "correct_translation_sure": true, "language": 69, "translates": [72], "partofquote_type": [52], "speaker": [66]}}, {"model": "bib.partofquote", "pk": 71, "fields": {"text": "und das hei\u00dft:", "part_of": 68, "source": 64, "follows": 70, "correct_translation_sure": true, "language": 18, "translates": [], "partofquote_type": [], "speaker": [66]}}, {"model": "bib.partofquote", "pk": 72, "fields": {"text": "k\u00fcmmerliches Leben", "part_of": 68, "source": 64, "follows": 71, "correct_translation_sure": false, "language": 18, "translates": [70], "partofquote_type": [52], "speaker": [66]}}, {"model": "bib.partofquote", "pk": 74, "fields": {"text": "No U-turn.", "part_of": 73, "source": 64, "follows": null, "correct_translation_sure": false, "language": 25, "translates": [], "partofquote_type": [53], "speaker": [66]}}, {"model": "bib.partofquote", "pk": 77, "fields": {"text": "No milk today: my love has gone away.", "part_of": 73, "source": 64, "follows": 74, "correct_translation_sure": false, "language": 25, "translates": [], "partofquote_type": [75, 76], "speaker": [66]}}, {"model": "bib.partofquote", "pk": 79, "fields": {"text": "Killer", "part_of": 78, "source": 64, "follows": null, "correct_translation_sure": false, "language": 25, "translates": [], "partofquote_type": [52], "speaker": [66]}}, {"model": "bib.partofquote", "pk": 80, "fields": {"text": "Killen", "part_of": 78, "source": 64, "follows": null, "correct_translation_sure": false, "language": 25, "translates": [], "partofquote_type": [52], "speaker": [66]}}, {"model": "bib.partofquote", "pk": 91, "fields": {"text": "Non \u00e9 possibile", "part_of": 88, "source": 87, "follows": null, "correct_translation_sure": false, "language": 89, "translates": [], "partofquote_type": [53], "speaker": [90]}}, {"model": "bib.partofquote", "pk": 92, "fields": {"text": "Et moi et moi et moi", "part_of": 88, "source": 87, "follows": 91, "correct_translation_sure": false, "language": 15, "translates": [], "partofquote_type": [53], "speaker": [90]}}, {"model": "bib.partofquote", "pk": 96, "fields": {"text": "Dober dan", "part_of": 88, "source": 87, "follows": null, "correct_translation_sure": false, "language": 94, "translates": [], "partofquote_type": [53, 95], "speaker": [90]}}, {"model": "bib.partofquote", "pk": 98, "fields": {"text": "Phalatrsnawayragya", "part_of": 88, "source": 87, "follows": null, "correct_translation_sure": false, "language": 97, "translates": [], "partofquote_type": [52], "speaker": [90]}}, {"model": "bib.partofquote", "pk": 100, "fields": {"text": "Toisin autoisin potamoisin epibainusin hetera kai hetera hydata epirrhei", "part_of": 88, "source": 87, "follows": null, "correct_translation_sure": false, "language": 99, "translates": [], "partofquote_type": [75], "speaker": [90]}}, {"model": "bib.partofquote", "pk": 101, "fields": {"text": "Somewhere I lost connection", "part_of": 88, "source": 87, "follows": 100, "correct_translation_sure": false, "language": 25, "translates": [], "partofquote_type": [75, 76], "speaker": [90]}}, {"model": "bib.partofquote", "pk": 102, "fields": {"text": "Miserere nobis", "part_of": 88, "source": 87, "follows": 101, "correct_translation_sure": false, "language": 21, "translates": [], "partofquote_type": [53, 76], "speaker": [90]}}, {"model": "bib.partofquote", "pk": 105, "fields": {"text": "Gnothi seauton", "part_of": 103, "source": 87, "follows": null, "correct_translation_sure": false, "language": 99, "translates": [], "partofquote_type": [53, 76], "speaker": [104]}}, {"model": "bib.partofquote", "pk": 106, "fields": {"text": "Olio extra vergine d'oliva", "part_of": 103, "source": 87, "follows": 105, "correct_translation_sure": false, "language": 89, "translates": [], "partofquote_type": [52, 53], "speaker": [104]}}, {"model": "bib.partofquote", "pk": 108, "fields": {"text": "Perestroika", "part_of": 103, "source": 87, "follows": null, "correct_translation_sure": false, "language": 107, "translates": [], "partofquote_type": [52, 53, 76], "speaker": [104]}}, {"model": "bib.partofquote", "pk": 111, "fields": {"text": "Bel pacific", "part_of": 109, "source": 87, "follows": null, "correct_translation_sure": false, "language": 89, "translates": [], "partofquote_type": [53], "speaker": [110]}}, {"model": "bib.partofquote", "pk": 113, "fields": {"text": "Story", "part_of": 112, "source": 87, "follows": null, "correct_translation_sure": false, "language": 25, "translates": [], "partofquote_type": [52], "speaker": [104]}}, {"model": "bib.partofquote", "pk": 118, "fields": {"text": "Nofretete", "part_of": 114, "source": 87, "follows": null, "correct_translation_sure": false, "language": 115, "translates": [120], "partofquote_type": [52, 116], "speaker": [117]}}, {"model": "bib.partofquote", "pk": 120, "fields": {"text": "Die Sch\u00f6nheit ist angekommen", "part_of": 114, "source": 87, "follows": 118, "correct_translation_sure": false, "language": 18, "translates": [118], "partofquote_type": [53], "speaker": [119]}}, {"model": "bib.partofquote", "pk": 123, "fields": {"text": "Dove va?", "part_of": 121, "source": 87, "follows": null, "correct_translation_sure": false, "language": 89, "translates": [], "partofquote_type": [75, 122], "speaker": [110]}}, {"model": "bib.partofquote", "pk": 124, "fields": {"text": "\u00c0 Medea.", "part_of": 121, "source": 87, "follows": 123, "correct_translation_sure": false, "language": 89, "translates": [], "partofquote_type": [75, 116], "speaker": [90]}}, {"model": "bib.partofquote", "pk": 125, "fields": {"text": "Solo?", "part_of": 121, "source": 87, "follows": 124, "correct_translation_sure": false, "language": 89, "translates": [], "partofquote_type": [52, 122], "speaker": [110]}}, {"model": "bib.partofquote", "pk": 126, "fields": {"text": "Si.", "part_of": 121, "source": 87, "follows": 125, "correct_translation_sure": false, "language": 89, "translates": [], "partofquote_type": [52], "speaker": [90]}}, {"model": "bib.partofquote", "pk": 127, "fields": {"text": "Dio mio!", "part_of": 121, "source": 87, "follows": 126, "correct_translation_sure": false, "language": 89, "translates": [], "partofquote_type": [53], "speaker": [110]}}, {"model": "bib.partofquote", "pk": 128, "fields": {"text": "Tu n'as pas peur si seul dans la for\u00eat, pieds nus?", "part_of": 121, "source": 87, "follows": null, "correct_translation_sure": false, "language": 15, "translates": [], "partofquote_type": [75, 122], "speaker": [110]}}, {"model": "bib.partofquote", "pk": 129, "fields": {"text": "Non, pas du tout.", "part_of": 121, "source": 87, "follows": 128, "correct_translation_sure": false, "language": 15, "translates": [], "partofquote_type": [75], "speaker": [90]}}, {"model": "bib.partofquote", "pk": 130, "fields": {"text": "Tu es canadien?", "part_of": 121, "source": 87, "follows": 129, "correct_translation_sure": false, "language": 15, "translates": [], "partofquote_type": [75, 122], "speaker": [110]}}, {"model": "bib.partofquote", "pk": 131, "fields": {"text": "Oui.", "part_of": 121, "source": 87, "follows": 130, "correct_translation_sure": false, "language": 15, "translates": [], "partofquote_type": [52], "speaker": [90]}}, {"model": "bib.partofquote", "pk": 132, "fields": {"text": "\u00c7a c'est voit!", "part_of": 121, "source": 87, "follows": 131, "correct_translation_sure": false, "language": 15, "translates": [], "partofquote_type": [53], "speaker": [110]}}, {"model": "bib.partofquote", "pk": 134, "fields": {"text": "'Bocca di Inferno'", "part_of": 133, "source": 87, "follows": null, "correct_translation_sure": false, "language": 89, "translates": [], "partofquote_type": [53, 116], "speaker": [90]}}, {"model": "bib.partofquote", "pk": 136, "fields": {"text": "You can run but you cannot hide.", "part_of": 135, "source": 87, "follows": null, "correct_translation_sure": false, "language": 25, "translates": [], "partofquote_type": [75, 76], "speaker": [104]}}, {"model": "news.newsfeed", "pk": 1, "fields": {"title": "First data are online!", "body": "We are proud to report we added the first set of data to this website today.", "created": "2017-10-24T13:39:32Z", "updated": "2017-10-24T13:39:32Z", "author": 1}}, {"model": "words.germanlemma", "pk": 193, "fields": {"lemma": "du", "url": null, "pos": 161, "language": 18}}, {"model": "words.germanlemma", "pk": 195, "fields": {"lemma": "k\u00f6nnen", "url": "https://de.wiktionary.org/wiki/k%C3%B6nnen", "pos": 186, "language": 18}}, {"model": "words.germanlemma", "pk": 197, "fields": {"lemma": "fliehen", "url": "https://de.wiktionary.org/wiki/fliehen", "pos": 177, "language": 18}}, {"model": "words.germanlemma", "pk": 199, "fields": {"lemma": "aber", "url": "https://de.wiktionary.org/wiki/aber", "pos": 152, "language": 18}}, {"model": "words.germanlemma", "pk": 201, "fields": {"lemma": "verstecken", "url": "https://de.wiktionary.org/wiki/verstecken", "pos": 177, "language": 18}}, {"model": "words.germanlemma", "pk": 203, "fields": {"lemma": "nicht", "url": "https://de.wiktionary.org/wiki/nicht", "pos": 172, "language": 18}}, {"model": "words.germanlemma", "pk": 205, "fields": {"lemma": "das", "url": "https://de.wiktionary.org/wiki/das", "pos": 146, "language": 18}}, {"model": "words.germanlemma", "pk": 207, "fields": {"lemma": "Ende", "url": "https://de.wiktionary.org/wiki/ende", "pos": 154, "language": 18}}, {"model": "words.germanlemma", "pk": 209, "fields": {"lemma": "M\u00e4dchen", "url": "https://de.wiktionary.org/wiki/M%C3%A4dchen", "pos": 154, "language": 18}}, {"model": "words.germanlemma", "pk": 211, "fields": {"lemma": "Liebling", "url": "https://de.wiktionary.org/wiki/Liebling", "pos": 154, "language": 18}}, {"model": "words.germanlemma", "pk": 213, "fields": {"lemma": "Band", "url": "https://de.wiktionary.org/wiki/Band", "pos": 154, "language": 18}}, {"model": "words.germanlemma", "pk": 215, "fields": {"lemma": "Cape", "url": "https://de.wiktionary.org/wiki/Cape", "pos": 154, "language": 18}}, {"model": "words.germanlemma", "pk": 217, "fields": {"lemma": "nein", "url": "https://de.wiktionary.org/wiki/nein", "pos": 174, "language": 18}}, {"model": "words.foreignlemma", "pk": 194, "fields": {"lemma": "you", "pos": 161, "language": 25, "german": [193], "used_in": [135]}}, {"model": "words.foreignlemma", "pk": 196, "fields": {"lemma": "can", "pos": 186, "language": 25, "german": [195], "used_in": [135]}}, {"model": "words.foreignlemma", "pk": 198, "fields": {"lemma": "run", "pos": 177, "language": 25, "german": [197], "used_in": [135]}}, {"model": "words.foreignlemma", "pk": 200, "fields": {"lemma": "but", "pos": 152, "language": 25, "german": [199], "used_in": [135]}}, {"model": "words.foreignlemma", "pk": 202, "fields": {"lemma": "hide", "pos": 177, "language": 25, "german": [201], "used_in": [135]}}, {"model": "words.foreignlemma", "pk": 204, "fields": {"lemma": "not", "pos": 172, "language": 25, "german": [203], "used_in": [135]}}, {"model": "words.foreignlemma", "pk": 206, "fields": {"lemma": "the", "pos": 146, "language": 25, "german": [205], "used_in": [61]}}, {"model": "words.foreignlemma", "pk": 208, "fields": {"lemma": "end", "pos": 154, "language": 25, "german": [207], "used_in": [61]}}, {"model": "words.foreignlemma", "pk": 210, "fields": {"lemma": "girl", "pos": 154, "language": 25, "german": [209], "used_in": [37, 40]}}, {"model": "words.foreignlemma", "pk": 212, "fields": {"lemma": "sweetheart", "pos": 154, "language": 25, "german": [211], "used_in": [46]}}, {"model": "words.foreignlemma", "pk": 214, "fields": {"lemma": "tape", "pos": 154, "language": 25, "german": [213], "used_in": [43]}}, {"model": "words.foreignlemma", "pk": 216, "fields": {"lemma": "cape", "pos": 154, "language": 25, "german": [215], "used_in": [43]}}, {"model": "words.foreignlemma", "pk": 218, "fields": {"lemma": "non", "pos": 174, "language": 15, "german": [217], "used_in": [121]}}, {"model": "admin.logentry", "pk": 1, "fields": {"action_time": "2017-10-24T10:15:00Z", "user": 1, "content_type": 16, "object_id": "1", "object_repr": "Work: Handke", "action_flag": 1, "change_message": "[{\"added\": {}}]"}}, {"model": "admin.logentry", "pk": 2, "fields": {"action_time": "2017-10-24T10:19:50Z", "user": 1, "content_type": 16, "object_id": "2", "object_repr": "Shakespeare, William", "action_flag": 1, "change_message": "[{\"added\": {}}]"}}, {"model": "admin.logentry", "pk": 3, "fields": {"action_time": "2017-10-24T10:21:20Z", "user": 1, "content_type": 19, "object_id": "3", "object_repr": "Work: Das Winterm\u00e4rchen", "action_flag": 1, "change_message": "[{\"added\": {}}]"}}, {"model": "admin.logentry", "pk": 4, "fields": {"action_time": "2017-10-24T10:22:05Z", "user": 1, "content_type": 13, "object_id": "4", "object_repr": "Arcueil", "action_flag": 1, "change_message": "[{\"added\": {}}]"}}, {"model": "admin.logentry", "pk": 5, "fields": {"action_time": "2017-10-24T10:26:53Z", "user": 1, "content_type": 9, "object_id": "6", "object_repr": "hiz:TypeofWork", "action_flag": 1, "change_message": "[{\"added\": {}}]"}}, {"model": "admin.logentry", "pk": 6, "fields": {"action_time": "2017-10-24T10:27:25Z", "user": 1, "content_type": 8, "object_id": "7", "object_repr": "\u00dcbersetzung", "action_flag": 1, "change_message": "[{\"added\": {}}]"}}, {"model": "admin.logentry", "pk": 7, "fields": {"action_time": "2017-10-24T10:28:13Z", "user": 1, "content_type": 9, "object_id": "8", "object_repr": "hiz:WorkAltTitle", "action_flag": 1, "change_message": "[{\"added\": {}}]"}}, {"model": "admin.logentry", "pk": 8, "fields": {"action_time": "2017-10-24T10:28:41Z", "user": 1, "content_type": 8, "object_id": "9", "object_repr": "Shakespeare/Handke Das Winterm\u00e4rchen", "action_flag": 1, "change_message": "[{\"added\": {}}]"}}, {"model": "admin.logentry", "pk": 9, "fields": {"action_time": "2017-10-24T10:29:24Z", "user": 1, "content_type": 8, "object_id": "10", "object_repr": "The Winter\u2019s Tale / Das Winterm\u00e4rchen", "action_flag": 1, "change_message": "[{\"added\": {}}]"}}, {"model": "admin.logentry", "pk": 10, "fields": {"action_time": "2017-10-24T10:30:24Z", "user": 1, "content_type": 19, "object_id": "3", "object_repr": "Work: Das Winterm\u00e4rchen", "action_flag": 2, "change_message": "[{\"changed\": {\"fields\": [\"creation_end_date\"]}}]"}}, {"model": "admin.logentry", "pk": 11, "fields": {"action_time": "2017-10-24T10:40:53Z", "user": 1, "content_type": 19, "object_id": "11", "object_repr": "Work: Jusqu'\u00e0 ce que le jour vous s\u00e9pare ou Une question de lumi\u00e8re", "action_flag": 1, "change_message": "[{\"added\": {}}]"}}, {"model": "admin.logentry", "pk": 12, "fields": {"action_time": "2017-10-24T10:45:33Z", "user": 1, "content_type": 13, "object_id": "12", "object_repr": "Chaville", "action_flag": 1, "change_message": "[{\"added\": {}}]"}}, {"model": "admin.logentry", "pk": 13, "fields": {"action_time": "2017-10-24T10:47:07Z", "user": 1, "content_type": 19, "object_id": "11", "object_repr": "Work: Jusqu'\u00e0 ce que le jour vous s\u00e9pare ou Une question de lumi\u00e8re", "action_flag": 2, "change_message": "[{\"changed\": {\"fields\": [\"creation_start_date\", \"creation_end_date\", \"start_date_sure\", \"end_date_sure\", \"creation_place_sure\"]}}]"}}, {"model": "admin.logentry", "pk": 14, "fields": {"action_time": "2017-10-24T10:49:21Z", "user": 1, "content_type": 8, "object_id": "13", "object_repr": "Selbst\u00fcbersetzung_Original", "action_flag": 1, "change_message": "[{\"added\": {}}]"}}, {"model": "admin.logentry", "pk": 15, "fields": {"action_time": "2017-10-24T10:56:19Z", "user": 1, "content_type": 19, "object_id": "11", "object_repr": "Work: Jusqu'\u00e0 ce que le jour vous s\u00e9pare ou Une question de lumi\u00e8re", "action_flag": 2, "change_message": "[]"}}, {"model": "admin.logentry", "pk": 16, "fields": {"action_time": "2017-10-24T10:56:52Z", "user": 1, "content_type": 9, "object_id": "14", "object_repr": "hiz:Sprachen", "action_flag": 1, "change_message": "[{\"added\": {}}]"}}, {"model": "admin.logentry", "pk": 17, "fields": {"action_time": "2017-10-24T10:56:59Z", "user": 1, "content_type": 8, "object_id": "15", "object_repr": "Franz\u00f6sisch", "action_flag": 1, "change_message": "[{\"added\": {}}]"}}, {"model": "admin.logentry", "pk": 18, "fields": {"action_time": "2017-10-24T10:57:11Z", "user": 1, "content_type": 19, "object_id": "11", "object_repr": "Work: Jusqu'\u00e0 ce que le jour vous s\u00e9pare ou Une question de lumi\u00e8re", "action_flag": 2, "change_message": "[{\"changed\": {\"fields\": [\"main_language\"]}}]"}}, {"model": "admin.logentry", "pk": 19, "fields": {"action_time": "2017-10-24T11:00:06Z", "user": 1, "content_type": 8, "object_id": "16", "object_repr": "Selbst\u00fcbersetzung", "action_flag": 1, "change_message": "[{\"added\": {}}]"}}, {"model": "admin.logentry", "pk": 20, "fields": {"action_time": "2017-10-24T11:00:30Z", "user": 1, "content_type": 19, "object_id": "17", "object_repr": "Work: Bis da\u00df der Tag euch scheidet oder Eine Frage des Lichts. Ein Monolog", "action_flag": 1, "change_message": "[{\"added\": {}}]"}}, {"model": "admin.logentry", "pk": 21, "fields": {"action_time": "2017-10-24T11:01:30Z", "user": 1, "content_type": 8, "object_id": "18", "object_repr": "Deutsch", "action_flag": 1, "change_message": "[{\"added\": {}}]"}}, {"model": "admin.logentry", "pk": 22, "fields": {"action_time": "2017-10-24T11:01:33Z", "user": 1, "content_type": 19, "object_id": "17", "object_repr": "Work: Bis da\u00df der Tag euch scheidet oder Eine Frage des Lichts. Ein Monolog", "action_flag": 2, "change_message": "[{\"changed\": {\"fields\": [\"creation_start_date\", \"creation_end_date\", \"start_date_sure\", \"end_date_sure\", \"creation_place_sure\", \"main_language\"]}}]"}}, {"model": "admin.logentry", "pk": 23, "fields": {"action_time": "2017-10-24T11:04:26Z", "user": 1, "content_type": 19, "object_id": "11", "object_repr": "Work: Jusqu'\u00e0 ce que le jour vous s\u00e9pare ou Une question de lumi\u00e8re", "action_flag": 2, "change_message": "[{\"changed\": {\"fields\": [\"has_translation\"]}}]"}}, {"model": "admin.logentry", "pk": 24, "fields": {"action_time": "2017-10-24T11:07:43Z", "user": 1, "content_type": 17, "object_id": "19", "object_repr": "Tremor cordis, mein Herz flimmert, mein Herz tanzt,\r\nDoch nicht aus Freude - nicht aus Freude.", "action_flag": 1, "change_message": "[{\"added\": {}}]"}}, {"model": "admin.logentry", "pk": 25, "fields": {"action_time": "2017-10-24T11:09:02Z", "user": 1, "content_type": 15, "object_id": "20", "object_repr": "mein Herz flimmert", "action_flag": 1, "change_message": "[{\"added\": {}}]"}}, {"model": "admin.logentry", "pk": 26, "fields": {"action_time": "2017-10-24T11:09:20Z", "user": 1, "content_type": 8, "object_id": "21", "object_repr": "Latein", "action_flag": 1, "change_message": "[{\"added\": {}}]"}}, {"model": "admin.logentry", "pk": 27, "fields": {"action_time": "2017-10-24T11:09:59Z", "user": 1, "content_type": 18, "object_id": "22", "object_repr": "Speaker object", "action_flag": 1, "change_message": "[{\"added\": {}}]"}}, {"model": "admin.logentry", "pk": 28, "fields": {"action_time": "2017-10-24T11:10:07Z", "user": 1, "content_type": 15, "object_id": "23", "object_repr": "Tremor cordis", "action_flag": 1, "change_message": "[{\"added\": {}}]"}}, {"model": "admin.logentry", "pk": 29, "fields": {"action_time": "2017-10-24T11:11:27Z", "user": 1, "content_type": 15, "object_id": "20", "object_repr": "mein Herz flimmert", "action_flag": 2, "change_message": "[{\"changed\": {\"fields\": [\"language\"]}}]"}}, {"model": "admin.logentry", "pk": 30, "fields": {"action_time": "2017-10-24T11:11:40Z", "user": 1, "content_type": 15, "object_id": "20", "object_repr": "mein Herz flimmert", "action_flag": 2, "change_message": "[]"}}, {"model": "admin.logentry", "pk": 31, "fields": {"action_time": "2017-10-24T11:16:25Z", "user": 1, "content_type": 17, "object_id": "24", "object_repr": "Komm Capitain,\r\nWir m\u00fcssen rein sein; rein? nein, fein s\u00e4uberlich, mein Capitain", "action_flag": 1, "change_message": "[{\"added\": {}}]"}}, {"model": "admin.logentry", "pk": 32, "fields": {"action_time": "2017-10-24T11:17:07Z", "user": 1, "content_type": 8, "object_id": "25", "object_repr": "Englisch", "action_flag": 1, "change_message": "[{\"added\": {}}]"}}, {"model": "admin.logentry", "pk": 33, "fields": {"action_time": "2017-10-24T11:17:33Z", "user": 1, "content_type": 15, "object_id": "26", "object_repr": "Capitain", "action_flag": 1, "change_message": "[{\"added\": {}}]"}}, {"model": "admin.logentry", "pk": 34, "fields": {"action_time": "2017-10-24T11:18:02Z", "user": 1, "content_type": 9, "object_id": "27", "object_repr": "hiz:TypeofText", "action_flag": 1, "change_message": "[{\"added\": {}}]"}}, {"model": "admin.logentry", "pk": 35, "fields": {"action_time": "2017-10-24T11:18:13Z", "user": 1, "content_type": 8, "object_id": "28", "object_repr": "Anrede", "action_flag": 1, "change_message": "[{\"added\": {}}]"}}, {"model": "admin.logentry", "pk": 36, "fields": {"action_time": "2017-10-24T11:18:19Z", "user": 1, "content_type": 15, "object_id": "26", "object_repr": "Capitain", "action_flag": 2, "change_message": "[]"}}, {"model": "admin.logentry", "pk": 37, "fields": {"action_time": "2017-10-24T11:18:57Z", "user": 1, "content_type": 15, "object_id": "29", "object_repr": "Capitain", "action_flag": 1, "change_message": "[{\"added\": {}}]"}}, {"model": "admin.logentry", "pk": 38, "fields": {"action_time": "2017-10-24T11:19:51Z", "user": 1, "content_type": 17, "object_id": "30", "object_repr": "Exeunt.", "action_flag": 1, "change_message": "[{\"added\": {}}]"}}, {"model": "admin.logentry", "pk": 39, "fields": {"action_time": "2017-10-24T11:20:30Z", "user": 1, "content_type": 18, "object_id": "31", "object_repr": "Speaker: Szenenanweisung", "action_flag": 1, "change_message": "[{\"added\": {}}]"}}, {"model": "admin.logentry", "pk": 40, "fields": {"action_time": "2017-10-24T11:20:38Z", "user": 1, "content_type": 15, "object_id": "32", "object_repr": "Exeunt", "action_flag": 1, "change_message": "[{\"added\": {}}]"}}, {"model": "admin.logentry", "pk": 41, "fields": {"action_time": "2017-10-24T11:22:35Z", "user": 1, "content_type": 18, "object_id": "33", "object_repr": "Speaker: W\u00e4rter", "action_flag": 1, "change_message": "[{\"added\": {}}]"}}, {"model": "admin.logentry", "pk": 42, "fields": {"action_time": "2017-10-24T11:25:09Z", "user": 1, "content_type": 17, "object_id": "34", "object_repr": "und k\u00e4men sie auch en gros zu ihm", "action_flag": 1, "change_message": "[{\"added\": {}}]"}}, {"model": "admin.logentry", "pk": 43, "fields": {"action_time": "2017-10-24T11:25:49Z", "user": 1, "content_type": 18, "object_id": "35", "object_repr": "Speaker: Diener", "action_flag": 1, "change_message": "[{\"added\": {}}]"}}, {"model": "admin.logentry", "pk": 44, "fields": {"action_time": "2017-10-24T11:25:52Z", "user": 1, "content_type": 15, "object_id": "36", "object_repr": "en gros", "action_flag": 1, "change_message": "[{\"added\": {}}]"}}, {"model": "admin.logentry", "pk": 45, "fields": {"action_time": "2017-10-24T11:26:32Z", "user": 1, "content_type": 17, "object_id": "37", "object_repr": "Kauft, Burschen, oder eure Girls, sie laufen.", "action_flag": 1, "change_message": "[{\"added\": {}}]"}}, {"model": "admin.logentry", "pk": 46, "fields": {"action_time": "2017-10-24T11:27:12Z", "user": 1, "content_type": 18, "object_id": "38", "object_repr": "Speaker: Autolycus", "action_flag": 1, "change_message": "[{\"added\": {}}]"}}, {"model": "admin.logentry", "pk": 47, "fields": {"action_time": "2017-10-24T11:27:24Z", "user": 1, "content_type": 15, "object_id": "39", "object_repr": "Girls", "action_flag": 1, "change_message": "[{\"added\": {}}]"}}, {"model": "admin.logentry", "pk": 48, "fields": {"action_time": "2017-10-24T11:49:34Z", "user": 1, "content_type": 17, "object_id": "40", "object_repr": "Folgt mir, girls.", "action_flag": 1, "change_message": "[{\"added\": {}}]"}}, {"model": "admin.logentry", "pk": 49, "fields": {"action_time": "2017-10-24T11:50:07Z", "user": 1, "content_type": 18, "object_id": "41", "object_repr": "Speaker: Bub", "action_flag": 1, "change_message": "[{\"added\": {}}]"}}, {"model": "admin.logentry", "pk": 50, "fields": {"action_time": "2017-10-24T11:50:12Z", "user": 1, "content_type": 15, "object_id": "42", "object_repr": "42 - girls", "action_flag": 1, "change_message": "[{\"added\": {}}]"}}, {"model": "admin.logentry", "pk": 51, "fields": {"action_time": "2017-10-24T11:50:47Z", "user": 1, "content_type": 17, "object_id": "43", "object_repr": "Los, kauf dir ein Tape\r\nOder einen Putz f\u00fcr dein Cape", "action_flag": 1, "change_message": "[{\"added\": {}}]"}}, {"model": "admin.logentry", "pk": 52, "fields": {"action_time": "2017-10-24T11:51:34Z", "user": 1, "content_type": 15, "object_id": "44", "object_repr": "44 - Tape", "action_flag": 1, "change_message": "[{\"added\": {}}]"}}, {"model": "admin.logentry", "pk": 53, "fields": {"action_time": "2017-10-24T11:52:02Z", "user": 1, "content_type": 15, "object_id": "45", "object_repr": "45 - Cape", "action_flag": 1, "change_message": "[{\"added\": {}}]"}}, {"model": "admin.logentry", "pk": 54, "fields": {"action_time": "2017-10-24T11:53:11Z", "user": 1, "content_type": 17, "object_id": "46", "object_repr": "Nehmt eures Sweethearts\r\nHut", "action_flag": 1, "change_message": "[{\"added\": {}}]"}}, {"model": "admin.logentry", "pk": 55, "fields": {"action_time": "2017-10-24T11:53:46Z", "user": 1, "content_type": 18, "object_id": "47", "object_repr": "Speaker: Camillo", "action_flag": 1, "change_message": "[{\"added\": {}}]"}}, {"model": "admin.logentry", "pk": 56, "fields": {"action_time": "2017-10-24T11:53:53Z", "user": 1, "content_type": 15, "object_id": "48", "object_repr": "48 - Sweetheart", "action_flag": 1, "change_message": "[{\"added\": {}}]"}}, {"model": "admin.logentry", "pk": 57, "fields": {"action_time": "2017-10-24T11:55:01Z", "user": 1, "content_type": 17, "object_id": "49", "object_repr": "Strahle ich nicht auf deine B a s s e s s e Hof-\r\nHautgo\u00fbt aus?", "action_flag": 1, "change_message": "[{\"added\": {}}]"}}, {"model": "admin.logentry", "pk": 58, "fields": {"action_time": "2017-10-24T11:55:39Z", "user": 1, "content_type": 15, "object_id": "50", "object_repr": "50 - Bassesse", "action_flag": 1, "change_message": "[{\"added\": {}}]"}}, {"model": "admin.logentry", "pk": 59, "fields": {"action_time": "2017-10-24T11:56:02Z", "user": 1, "content_type": 15, "object_id": "51", "object_repr": "51 - Hautgo\u00fbt", "action_flag": 1, "change_message": "[{\"added\": {}}]"}}, {"model": "admin.logentry", "pk": 60, "fields": {"action_time": "2017-10-24T11:59:44Z", "user": 1, "content_type": 8, "object_id": "52", "object_repr": "Wort", "action_flag": 1, "change_message": "[{\"added\": {}}]"}}, {"model": "admin.logentry", "pk": 61, "fields": {"action_time": "2017-10-24T11:59:53Z", "user": 1, "content_type": 15, "object_id": "51", "object_repr": "51 - Hautgo\u00fbt", "action_flag": 2, "change_message": "[]"}}, {"model": "admin.logentry", "pk": 62, "fields": {"action_time": "2017-10-24T12:00:02Z", "user": 1, "content_type": 15, "object_id": "50", "object_repr": "50 - Bassesse", "action_flag": 2, "change_message": "[]"}}, {"model": "admin.logentry", "pk": 63, "fields": {"action_time": "2017-10-24T12:00:13Z", "user": 1, "content_type": 15, "object_id": "48", "object_repr": "48 - Sweetheart", "action_flag": 2, "change_message": "[]"}}, {"model": "admin.logentry", "pk": 64, "fields": {"action_time": "2017-10-24T12:00:21Z", "user": 1, "content_type": 15, "object_id": "45", "object_repr": "45 - Cape", "action_flag": 2, "change_message": "[]"}}, {"model": "admin.logentry", "pk": 65, "fields": {"action_time": "2017-10-24T12:00:26Z", "user": 1, "content_type": 15, "object_id": "44", "object_repr": "44 - Tape", "action_flag": 2, "change_message": "[]"}}, {"model": "admin.logentry", "pk": 66, "fields": {"action_time": "2017-10-24T12:00:34Z", "user": 1, "content_type": 15, "object_id": "42", "object_repr": "42 - girls", "action_flag": 2, "change_message": "[]"}}, {"model": "admin.logentry", "pk": 67, "fields": {"action_time": "2017-10-24T12:00:46Z", "user": 1, "content_type": 15, "object_id": "39", "object_repr": "39 - Girls", "action_flag": 2, "change_message": "[]"}}, {"model": "admin.logentry", "pk": 68, "fields": {"action_time": "2017-10-24T12:01:12Z", "user": 1, "content_type": 8, "object_id": "53", "object_repr": "Phrase", "action_flag": 1, "change_message": "[{\"added\": {}}]"}}, {"model": "admin.logentry", "pk": 69, "fields": {"action_time": "2017-10-24T12:01:16Z", "user": 1, "content_type": 15, "object_id": "36", "object_repr": "36 - en gros", "action_flag": 2, "change_message": "[]"}}, {"model": "admin.logentry", "pk": 70, "fields": {"action_time": "2017-10-24T12:01:37Z", "user": 1, "content_type": 15, "object_id": "32", "object_repr": "32 - Exeunt", "action_flag": 2, "change_message": "[]"}}, {"model": "admin.logentry", "pk": 71, "fields": {"action_time": "2017-10-24T12:01:44Z", "user": 1, "content_type": 15, "object_id": "29", "object_repr": "29 - Capitain", "action_flag": 2, "change_message": "[]"}}, {"model": "admin.logentry", "pk": 72, "fields": {"action_time": "2017-10-24T12:01:50Z", "user": 1, "content_type": 15, "object_id": "26", "object_repr": "26 - Capitain", "action_flag": 2, "change_message": "[]"}}, {"model": "admin.logentry", "pk": 73, "fields": {"action_time": "2017-10-24T12:01:57Z", "user": 1, "content_type": 15, "object_id": "23", "object_repr": "23 - Tremor cordis", "action_flag": 2, "change_message": "[]"}}, {"model": "admin.logentry", "pk": 74, "fields": {"action_time": "2017-10-24T12:02:36Z", "user": 1, "content_type": 17, "object_id": "54", "object_repr": "Ay, Sir.", "action_flag": 1, "change_message": "[{\"added\": {}}]"}}, {"model": "admin.logentry", "pk": 75, "fields": {"action_time": "2017-10-24T12:03:16Z", "user": 1, "content_type": 18, "object_id": "55", "object_repr": "Speaker: Sch\u00e4fer", "action_flag": 1, "change_message": "[{\"added\": {}}]"}}, {"model": "admin.logentry", "pk": 76, "fields": {"action_time": "2017-10-24T12:03:20Z", "user": 1, "content_type": 15, "object_id": "56", "object_repr": "56 - Ay", "action_flag": 1, "change_message": "[{\"added\": {}}]"}}, {"model": "admin.logentry", "pk": 77, "fields": {"action_time": "2017-10-24T12:03:45Z", "user": 1, "content_type": 15, "object_id": "57", "object_repr": "57 - Sir", "action_flag": 1, "change_message": "[{\"added\": {}}]"}}, {"model": "admin.logentry", "pk": 78, "fields": {"action_time": "2017-10-24T12:04:33Z", "user": 1, "content_type": 17, "object_id": "58", "object_repr": "Hier kommt Lady Paulinas Verwalter", "action_flag": 1, "change_message": "[{\"added\": {}}]"}}, {"model": "admin.logentry", "pk": 79, "fields": {"action_time": "2017-10-24T12:05:19Z", "user": 1, "content_type": 18, "object_id": "59", "object_repr": "Speaker: Zweiter Hofmann", "action_flag": 1, "change_message": "[{\"added\": {}}]"}}, {"model": "admin.logentry", "pk": 80, "fields": {"action_time": "2017-10-24T12:05:23Z", "user": 1, "content_type": 15, "object_id": "60", "object_repr": "60 - Lady", "action_flag": 1, "change_message": "[{\"added\": {}}]"}}, {"model": "admin.logentry", "pk": 81, "fields": {"action_time": "2017-10-24T12:06:16Z", "user": 1, "content_type": 17, "object_id": "61", "object_repr": "The End", "action_flag": 1, "change_message": "[{\"added\": {}}]"}}, {"model": "admin.logentry", "pk": 82, "fields": {"action_time": "2017-10-24T12:06:52Z", "user": 1, "content_type": 15, "object_id": "62", "object_repr": "62 - The End", "action_flag": 1, "change_message": "[{\"added\": {}}]"}}, {"model": "admin.logentry", "pk": 83, "fields": {"action_time": "2017-10-24T12:07:01Z", "user": 1, "content_type": 15, "object_id": "62", "object_repr": "62 - The End", "action_flag": 2, "change_message": "[]"}}, {"model": "admin.logentry", "pk": 84, "fields": {"action_time": "2017-10-24T12:11:18Z", "user": 1, "content_type": 8, "object_id": "63", "object_repr": "Werk", "action_flag": 1, "change_message": "[{\"added\": {}}]"}}, {"model": "admin.logentry", "pk": 85, "fields": {"action_time": "2017-10-24T12:11:41Z", "user": 1, "content_type": 19, "object_id": "64", "object_repr": "Work: Spuren der Verirrten", "action_flag": 1, "change_message": "[{\"added\": {}}]"}}, {"model": "admin.logentry", "pk": 86, "fields": {"action_time": "2017-10-24T12:12:31Z", "user": 1, "content_type": 17, "object_id": "65", "object_repr": "Daf\u00fcr h\u00e4lt der Junge das Messer vor sich hin, als eine Art corpus delicti.", "action_flag": 1, "change_message": "[{\"added\": {}}]"}}, {"model": "admin.logentry", "pk": 87, "fields": {"action_time": "2017-10-24T12:13:49Z", "user": 1, "content_type": 18, "object_id": "66", "object_repr": "Speaker: Szenenanweisung", "action_flag": 1, "change_message": "[{\"added\": {}}]"}}, {"model": "admin.logentry", "pk": 88, "fields": {"action_time": "2017-10-24T12:14:10Z", "user": 1, "content_type": 15, "object_id": "67", "object_repr": "67 - corpus delicti", "action_flag": 1, "change_message": "[{\"added\": {}}]"}}, {"model": "admin.logentry", "pk": 89, "fields": {"action_time": "2017-10-24T12:15:12Z", "user": 1, "content_type": 17, "object_id": "68", "object_repr": "Oder du schl\u00e4gst im Weltw\u00f6rterbuch nach und st\u00f6\u00dft buchst\u00e4blich jedesmal wieder auf dasselbe einzige Wort, und in unserem Fall hier w\u00e4re das zum Beispiel ein arabisches: eines ohne Selbstlaute, einzig ", "action_flag": 1, "change_message": "[{\"added\": {}}]"}}, {"model": "admin.logentry", "pk": 90, "fields": {"action_time": "2017-10-24T12:15:56Z", "user": 1, "content_type": 8, "object_id": "69", "object_repr": "Arabisch", "action_flag": 1, "change_message": "[{\"added\": {}}]"}}, {"model": "admin.logentry", "pk": 91, "fields": {"action_time": "2017-10-24T12:16:08Z", "user": 1, "content_type": 15, "object_id": "70", "object_repr": "70 - dnk", "action_flag": 1, "change_message": "[{\"added\": {}}]"}}, {"model": "admin.logentry", "pk": 92, "fields": {"action_time": "2017-10-24T12:16:49Z", "user": 1, "content_type": 15, "object_id": "71", "object_repr": "71 - und das hei\u00dft:", "action_flag": 1, "change_message": "[{\"added\": {}}]"}}, {"model": "admin.logentry", "pk": 93, "fields": {"action_time": "2017-10-24T12:18:01Z", "user": 1, "content_type": 15, "object_id": "72", "object_repr": "72 - k\u00fcmmerliches Leben", "action_flag": 1, "change_message": "[{\"added\": {}}]"}}, {"model": "admin.logentry", "pk": 94, "fields": {"action_time": "2017-10-24T12:19:51Z", "user": 1, "content_type": 15, "object_id": "72", "object_repr": "72 - k\u00fcmmerliches Leben", "action_flag": 2, "change_message": "[{\"changed\": {\"fields\": [\"correct_translation_sure\"]}}]"}}, {"model": "admin.logentry", "pk": 95, "fields": {"action_time": "2017-10-24T12:20:45Z", "user": 1, "content_type": 17, "object_id": "73", "object_repr": "No U-turn. No milk today: my love has gone away. Keine Butterbrote mehr. Keine Kronprinz-Rudolf-\u00c4pfel mehr. Und nimmermehr wird einer euer Dritter sein.", "action_flag": 1, "change_message": "[{\"added\": {}}]"}}, {"model": "admin.logentry", "pk": 96, "fields": {"action_time": "2017-10-24T12:21:25Z", "user": 1, "content_type": 15, "object_id": "74", "object_repr": "74 - No U-turn.", "action_flag": 1, "change_message": "[{\"added\": {}}]"}}, {"model": "admin.logentry", "pk": 97, "fields": {"action_time": "2017-10-24T12:22:28Z", "user": 1, "content_type": 8, "object_id": "75", "object_repr": "Satz", "action_flag": 1, "change_message": "[{\"added\": {}}]"}}, {"model": "admin.logentry", "pk": 98, "fields": {"action_time": "2017-10-24T12:22:53Z", "user": 1, "content_type": 8, "object_id": "76", "object_repr": "Zitat", "action_flag": 1, "change_message": "[{\"added\": {}}]"}}, {"model": "admin.logentry", "pk": 99, "fields": {"action_time": "2017-10-24T12:22:58Z", "user": 1, "content_type": 15, "object_id": "77", "object_repr": "77 - No milk today: my love has gone away.", "action_flag": 1, "change_message": "[{\"added\": {}}]"}}, {"model": "admin.logentry", "pk": 100, "fields": {"action_time": "2017-10-24T12:23:40Z", "user": 1, "content_type": 17, "object_id": "78", "object_repr": "Ein Killer zu zage zum Killen.", "action_flag": 1, "change_message": "[{\"added\": {}}]"}}, {"model": "admin.logentry", "pk": 101, "fields": {"action_time": "2017-10-24T12:24:16Z", "user": 1, "content_type": 15, "object_id": "79", "object_repr": "79 - Killer", "action_flag": 1, "change_message": "[{\"added\": {}}]"}}, {"model": "admin.logentry", "pk": 102, "fields": {"action_time": "2017-10-24T12:24:46Z", "user": 1, "content_type": 15, "object_id": "80", "object_repr": "80 - Killen", "action_flag": 1, "change_message": "[{\"added\": {}}]"}}, {"model": "admin.logentry", "pk": 103, "fields": {"action_time": "2017-10-24T12:28:09Z", "user": 1, "content_type": 8, "object_id": "81", "object_repr": "Die Kunst des Fragens", "action_flag": 1, "change_message": "[{\"added\": {}}]"}}, {"model": "admin.logentry", "pk": 104, "fields": {"action_time": "2017-10-24T12:29:33Z", "user": 1, "content_type": 13, "object_id": "82", "object_repr": "Venedig", "action_flag": 1, "change_message": "[{\"added\": {}}]"}}, {"model": "admin.logentry", "pk": 105, "fields": {"action_time": "2017-10-24T12:29:56Z", "user": 1, "content_type": 13, "object_id": "83", "object_repr": "Aquileia", "action_flag": 1, "change_message": "[{\"added\": {}}]"}}, {"model": "admin.logentry", "pk": 106, "fields": {"action_time": "2017-10-24T12:30:19Z", "user": 1, "content_type": 13, "object_id": "84", "object_repr": "Gemona del Friuli", "action_flag": 1, "change_message": "[{\"added\": {}}]"}}, {"model": "admin.logentry", "pk": 107, "fields": {"action_time": "2017-10-24T12:30:50Z", "user": 1, "content_type": 13, "object_id": "85", "object_repr": "Brazzano di Corm\u00f2ns", "action_flag": 1, "change_message": "[{\"added\": {}}]"}}, {"model": "admin.logentry", "pk": 108, "fields": {"action_time": "2017-10-24T12:31:02Z", "user": 1, "content_type": 13, "object_id": "86", "object_repr": "Paris", "action_flag": 1, "change_message": "[{\"added\": {}}]"}}, {"model": "admin.logentry", "pk": 109, "fields": {"action_time": "2017-10-24T12:31:38Z", "user": 1, "content_type": 19, "object_id": "87", "object_repr": "Work: Das Spiel vom Fragen oder Die Reise zum Sonoren Land", "action_flag": 1, "change_message": "[{\"added\": {}}]"}}, {"model": "admin.logentry", "pk": 110, "fields": {"action_time": "2017-10-24T12:34:27Z", "user": 1, "content_type": 19, "object_id": "87", "object_repr": "Work: Das Spiel vom Fragen oder Die Reise zum Sonoren Land", "action_flag": 2, "change_message": "[{\"changed\": {\"fields\": [\"siglum\"]}}]"}}, {"model": "admin.logentry", "pk": 111, "fields": {"action_time": "2017-10-24T12:34:45Z", "user": 1, "content_type": 19, "object_id": "64", "object_repr": "Work: Spuren der Verirrten", "action_flag": 2, "change_message": "[{\"changed\": {\"fields\": [\"siglum\"]}}]"}}, {"model": "admin.logentry", "pk": 112, "fields": {"action_time": "2017-10-24T12:35:05Z", "user": 1, "content_type": 19, "object_id": "17", "object_repr": "Work: Bis da\u00df der Tag euch scheidet oder Eine Frage des Lichts. Ein Monolog", "action_flag": 2, "change_message": "[{\"changed\": {\"fields\": [\"siglum\"]}}]"}}, {"model": "admin.logentry", "pk": 113, "fields": {"action_time": "2017-10-24T12:35:14Z", "user": 1, "content_type": 19, "object_id": "11", "object_repr": "Work: Jusqu'\u00e0 ce que le jour vous s\u00e9pare ou Une question de lumi\u00e8re", "action_flag": 2, "change_message": "[{\"changed\": {\"fields\": [\"siglum\"]}}]"}}, {"model": "admin.logentry", "pk": 114, "fields": {"action_time": "2017-10-24T12:35:29Z", "user": 1, "content_type": 19, "object_id": "3", "object_repr": "Work: Das Winterm\u00e4rchen", "action_flag": 2, "change_message": "[{\"changed\": {\"fields\": [\"siglum\"]}}]"}}, {"model": "admin.logentry", "pk": 115, "fields": {"action_time": "2017-10-24T12:36:43Z", "user": 1, "content_type": 17, "object_id": "88", "object_repr": "Non \u00e9 possibile - Et moi et moi et moi - Reisen bildet - Dober dan - E=mc2 - Wir m\u00fcssen leider hier drau\u00dfen bleiben - Nahm er das Brot, brach es - Wo ich die Liebste fand - Phalatrsnawayragya - Sonst ", "action_flag": 1, "change_message": "[{\"added\": {}}]"}}, {"model": "admin.logentry", "pk": 116, "fields": {"action_time": "2017-10-24T12:37:23Z", "user": 1, "content_type": 8, "object_id": "89", "object_repr": "Italienisch", "action_flag": 1, "change_message": "[{\"added\": {}}]"}}, {"model": "admin.logentry", "pk": 117, "fields": {"action_time": "2017-10-24T12:37:40Z", "user": 1, "content_type": 18, "object_id": "90", "object_repr": "Speaker: Parzival", "action_flag": 1, "change_message": "[{\"added\": {}}]"}}, {"model": "admin.logentry", "pk": 118, "fields": {"action_time": "2017-10-24T12:37:46Z", "user": 1, "content_type": 15, "object_id": "91", "object_repr": "91 - Non \u00e9 possibile", "action_flag": 1, "change_message": "[{\"added\": {}}]"}}, {"model": "admin.logentry", "pk": 119, "fields": {"action_time": "2017-10-24T12:38:24Z", "user": 1, "content_type": 15, "object_id": "92", "object_repr": "92 - Et moi et moi et moi", "action_flag": 1, "change_message": "[{\"added\": {}}]"}}, {"model": "admin.logentry", "pk": 120, "fields": {"action_time": "2017-10-24T12:38:58Z", "user": 1, "content_type": 15, "object_id": "93", "object_repr": "93 - Reisen bildet", "action_flag": 1, "change_message": "[{\"added\": {}}]"}}, {"model": "admin.logentry", "pk": 121, "fields": {"action_time": "2017-10-24T12:40:05Z", "user": 1, "content_type": 8, "object_id": "94", "object_repr": "Slowenisch", "action_flag": 1, "change_message": "[{\"added\": {}}]"}}, {"model": "admin.logentry", "pk": 122, "fields": {"action_time": "2017-10-24T12:40:29Z", "user": 1, "content_type": 8, "object_id": "95", "object_repr": "Gru\u00df", "action_flag": 1, "change_message": "[{\"added\": {}}]"}}, {"model": "admin.logentry", "pk": 123, "fields": {"action_time": "2017-10-24T12:40:35Z", "user": 1, "content_type": 15, "object_id": "96", "object_repr": "96 - Dober dan", "action_flag": 1, "change_message": "[{\"added\": {}}]"}}, {"model": "admin.logentry", "pk": 124, "fields": {"action_time": "2017-10-24T12:40:41Z", "user": 1, "content_type": 15, "object_id": "93", "object_repr": "93 - Reisen bildet", "action_flag": 3, "change_message": ""}}, {"model": "admin.logentry", "pk": 125, "fields": {"action_time": "2017-10-24T12:42:10Z", "user": 1, "content_type": 8, "object_id": "97", "object_repr": "?", "action_flag": 1, "change_message": "[{\"added\": {}}]"}}, {"model": "admin.logentry", "pk": 126, "fields": {"action_time": "2017-10-24T12:42:27Z", "user": 1, "content_type": 15, "object_id": "98", "object_repr": "98 - Phalatrsnawayragya", "action_flag": 1, "change_message": "[{\"added\": {}}]"}}, {"model": "admin.logentry", "pk": 127, "fields": {"action_time": "2017-10-24T12:46:35Z", "user": 1, "content_type": 8, "object_id": "99", "object_repr": "Altgriechisch", "action_flag": 1, "change_message": "[{\"added\": {}}]"}}, {"model": "admin.logentry", "pk": 128, "fields": {"action_time": "2017-10-24T12:46:45Z", "user": 1, "content_type": 15, "object_id": "100", "object_repr": "100 - Toisin autoisin potamoisin epibainusin hetera kai hetera hydata epirrhei", "action_flag": 1, "change_message": "[{\"added\": {}}]"}}, {"model": "admin.logentry", "pk": 129, "fields": {"action_time": "2017-10-24T12:48:01Z", "user": 1, "content_type": 15, "object_id": "101", "object_repr": "101 - Somewhere I lost connection", "action_flag": 1, "change_message": "[{\"added\": {}}]"}}, {"model": "admin.logentry", "pk": 130, "fields": {"action_time": "2017-10-24T12:49:37Z", "user": 1, "content_type": 15, "object_id": "102", "object_repr": "102 - Miserere nobis", "action_flag": 1, "change_message": "[{\"added\": {}}]"}}, {"model": "admin.logentry", "pk": 131, "fields": {"action_time": "2017-10-24T12:50:38Z", "user": 1, "content_type": 17, "object_id": "103", "object_repr": "\u00c4gyptische Finsternis. Gnothi seauton. Olio extra vergine d'oliva. [...] Perestroika! Meergr\u00fcn...", "action_flag": 1, "change_message": "[{\"added\": {}}]"}}, {"model": "admin.logentry", "pk": 132, "fields": {"action_time": "2017-10-24T12:51:57Z", "user": 1, "content_type": 18, "object_id": "104", "object_repr": "Speaker: Spielverderber", "action_flag": 1, "change_message": "[{\"added\": {}}]"}}, {"model": "admin.logentry", "pk": 133, "fields": {"action_time": "2017-10-24T12:52:00Z", "user": 1, "content_type": 15, "object_id": "105", "object_repr": "105 - Gnothi seauton", "action_flag": 1, "change_message": "[{\"added\": {}}]"}}, {"model": "admin.logentry", "pk": 134, "fields": {"action_time": "2017-10-24T12:52:45Z", "user": 1, "content_type": 15, "object_id": "106", "object_repr": "106 - Olio extra vergine d'oliva", "action_flag": 1, "change_message": "[{\"added\": {}}]"}}, {"model": "admin.logentry", "pk": 135, "fields": {"action_time": "2017-10-24T12:53:31Z", "user": 1, "content_type": 8, "object_id": "107", "object_repr": "Russisch", "action_flag": 1, "change_message": "[{\"added\": {}}]"}}, {"model": "admin.logentry", "pk": 136, "fields": {"action_time": "2017-10-24T12:53:44Z", "user": 1, "content_type": 15, "object_id": "108", "object_repr": "108 - Perestroika", "action_flag": 1, "change_message": "[{\"added\": {}}]"}}, {"model": "admin.logentry", "pk": 137, "fields": {"action_time": "2017-10-24T12:54:25Z", "user": 1, "content_type": 17, "object_id": "109", "object_repr": "Bel pacific! Zeit genug!", "action_flag": 1, "change_message": "[{\"added\": {}}]"}}, {"model": "admin.logentry", "pk": 138, "fields": {"action_time": "2017-10-24T12:56:02Z", "user": 1, "content_type": 18, "object_id": "110", "object_repr": "Speaker: Einheimischer", "action_flag": 1, "change_message": "[{\"added\": {}}]"}}, {"model": "admin.logentry", "pk": 139, "fields": {"action_time": "2017-10-24T12:56:03Z", "user": 1, "content_type": 15, "object_id": "111", "object_repr": "111 - Bel pacific", "action_flag": 1, "change_message": "[{\"added\": {}}]"}}, {"model": "admin.logentry", "pk": 140, "fields": {"action_time": "2017-10-24T12:56:50Z", "user": 1, "content_type": 17, "object_id": "112", "object_repr": "Er will mich einfangen f\u00fcr seine Story", "action_flag": 1, "change_message": "[{\"added\": {}}]"}}, {"model": "admin.logentry", "pk": 141, "fields": {"action_time": "2017-10-24T12:57:20Z", "user": 1, "content_type": 17, "object_id": "112", "object_repr": "Er will mich einfangen f\u00fcr seine Story", "action_flag": 2, "change_message": "[]"}}, {"model": "admin.logentry", "pk": 142, "fields": {"action_time": "2017-10-24T12:57:56Z", "user": 1, "content_type": 15, "object_id": "113", "object_repr": "113 - Story", "action_flag": 1, "change_message": "[{\"added\": {}}]"}}, {"model": "admin.logentry", "pk": 143, "fields": {"action_time": "2017-10-24T12:59:21Z", "user": 1, "content_type": 17, "object_id": "114", "object_repr": "Er: 'Ja. Kennst du die \u00dcbersetzung des Namens Nofretete?' \r\nSie: 'Die Sch\u00f6nheit ist angekommen.'", "action_flag": 1, "change_message": "[{\"added\": {}}]"}}, {"model": "admin.logentry", "pk": 144, "fields": {"action_time": "2017-10-24T13:00:10Z", "user": 1, "content_type": 8, "object_id": "115", "object_repr": "\u00c4gyptisch", "action_flag": 1, "change_message": "[{\"added\": {}}]"}}, {"model": "admin.logentry", "pk": 145, "fields": {"action_time": "2017-10-24T13:00:27Z", "user": 1, "content_type": 8, "object_id": "116", "object_repr": "Name", "action_flag": 1, "change_message": "[{\"added\": {}}]"}}, {"model": "admin.logentry", "pk": 146, "fields": {"action_time": "2017-10-24T13:00:42Z", "user": 1, "content_type": 18, "object_id": "117", "object_repr": "Speaker: Schauspieler", "action_flag": 1, "change_message": "[{\"added\": {}}]"}}, {"model": "admin.logentry", "pk": 147, "fields": {"action_time": "2017-10-24T13:00:46Z", "user": 1, "content_type": 15, "object_id": "118", "object_repr": "118 - Nofretete", "action_flag": 1, "change_message": "[{\"added\": {}}]"}}, {"model": "admin.logentry", "pk": 148, "fields": {"action_time": "2017-10-24T13:02:17Z", "user": 1, "content_type": 18, "object_id": "119", "object_repr": "Speaker: Schauspielerin", "action_flag": 1, "change_message": "[{\"added\": {}}]"}}, {"model": "admin.logentry", "pk": 149, "fields": {"action_time": "2017-10-24T13:02:20Z", "user": 1, "content_type": 15, "object_id": "120", "object_repr": "120 - Die Sch\u00f6nheit ist angekommen", "action_flag": 1, "change_message": "[{\"added\": {}}]"}}, {"model": "admin.logentry", "pk": 150, "fields": {"action_time": "2017-10-24T13:03:07Z", "user": 1, "content_type": 17, "object_id": "121", "object_repr": "Parzival: Frag mich trotzdem, gleich was.\r\nEinheimischer: Dove va?\r\nParzival: \u00c0 Medea.\r\nEinheimischer: Solo?\r\nParzival: Si.\r\nEinheimischer: Dio mio! Pause.\r\nParzival: Frag mich noch etwas. Nicht aufh\u00f6", "action_flag": 1, "change_message": "[{\"added\": {}}]"}}, {"model": "admin.logentry", "pk": 151, "fields": {"action_time": "2017-10-24T13:04:03Z", "user": 1, "content_type": 8, "object_id": "122", "object_repr": "Frage", "action_flag": 1, "change_message": "[{\"added\": {}}]"}}, {"model": "admin.logentry", "pk": 152, "fields": {"action_time": "2017-10-24T13:04:10Z", "user": 1, "content_type": 15, "object_id": "123", "object_repr": "123 - Dove va?", "action_flag": 1, "change_message": "[{\"added\": {}}]"}}, {"model": "admin.logentry", "pk": 153, "fields": {"action_time": "2017-10-24T13:04:58Z", "user": 1, "content_type": 15, "object_id": "124", "object_repr": "124 - \u00c0 Medea.", "action_flag": 1, "change_message": "[{\"added\": {}}]"}}, {"model": "admin.logentry", "pk": 154, "fields": {"action_time": "2017-10-24T13:05:33Z", "user": 1, "content_type": 15, "object_id": "125", "object_repr": "125 - Solo?", "action_flag": 1, "change_message": "[{\"added\": {}}]"}}, {"model": "admin.logentry", "pk": 155, "fields": {"action_time": "2017-10-24T13:06:05Z", "user": 1, "content_type": 15, "object_id": "126", "object_repr": "126 - Si.", "action_flag": 1, "change_message": "[{\"added\": {}}]"}}, {"model": "admin.logentry", "pk": 156, "fields": {"action_time": "2017-10-24T13:06:47Z", "user": 1, "content_type": 15, "object_id": "127", "object_repr": "127 - Dio mio!", "action_flag": 1, "change_message": "[{\"added\": {}}]"}}, {"model": "admin.logentry", "pk": 157, "fields": {"action_time": "2017-10-24T13:07:27Z", "user": 1, "content_type": 15, "object_id": "128", "object_repr": "128 - Tu n'as pas peur si seul dans la for\u00eat, pieds nus?", "action_flag": 1, "change_message": "[{\"added\": {}}]"}}, {"model": "admin.logentry", "pk": 158, "fields": {"action_time": "2017-10-24T13:08:07Z", "user": 1, "content_type": 15, "object_id": "129", "object_repr": "129 - Non, pas du tout.", "action_flag": 1, "change_message": "[{\"added\": {}}]"}}, {"model": "admin.logentry", "pk": 159, "fields": {"action_time": "2017-10-24T13:08:44Z", "user": 1, "content_type": 15, "object_id": "130", "object_repr": "130 - Tu es canadien?", "action_flag": 1, "change_message": "[{\"added\": {}}]"}}, {"model": "admin.logentry", "pk": 160, "fields": {"action_time": "2017-10-24T13:09:22Z", "user": 1, "content_type": 15, "object_id": "131", "object_repr": "131 - Oui.", "action_flag": 1, "change_message": "[{\"added\": {}}]"}}, {"model": "admin.logentry", "pk": 161, "fields": {"action_time": "2017-10-24T13:10:03Z", "user": 1, "content_type": 15, "object_id": "132", "object_repr": "132 - \u00c7a c'est voit!", "action_flag": 1, "change_message": "[{\"added\": {}}]"}}, {"model": "admin.logentry", "pk": 162, "fields": {"action_time": "2017-10-24T13:10:31Z", "user": 1, "content_type": 17, "object_id": "121", "object_repr": "Parzival: Frag mich trotzdem, gleich was.\r\nEinheimischer: Dove va?\r\nParzival: \u00c0 Medea.\r\nEinheimischer: Solo?\r\nParzival: Si.\r\nEinheimischer: Dio mio! Pause.\r\nParzival: Frag mich noch etwas. Nicht aufh\u00f6", "action_flag": 2, "change_message": "[{\"changed\": {\"fields\": [\"text\"]}}]"}}, {"model": "admin.logentry", "pk": 163, "fields": {"action_time": "2017-10-24T13:11:08Z", "user": 1, "content_type": 17, "object_id": "133", "object_repr": "Klippe von Finisterre namens 'Bocca di Inferno'", "action_flag": 1, "change_message": "[{\"added\": {}}]"}}, {"model": "admin.logentry", "pk": 164, "fields": {"action_time": "2017-10-24T13:11:51Z", "user": 1, "content_type": 15, "object_id": "134", "object_repr": "134 - 'Bocca di Inferno'", "action_flag": 1, "change_message": "[{\"added\": {}}]"}}, {"model": "admin.logentry", "pk": 165, "fields": {"action_time": "2017-10-24T13:12:39Z", "user": 1, "content_type": 17, "object_id": "135", "object_repr": "Was aber bleibt mein tiefstes Bild? Das eines j\u00e4mmerlich Fl\u00fcchtenden. You can run but you cannot hide.", "action_flag": 1, "change_message": "[{\"added\": {}}]"}}, {"model": "admin.logentry", "pk": 166, "fields": {"action_time": "2017-10-24T13:13:10Z", "user": 1, "content_type": 15, "object_id": "136", "object_repr": "136 - You can run but you cannot hide.", "action_flag": 1, "change_message": "[{\"added\": {}}]"}}, {"model": "admin.logentry", "pk": 167, "fields": {"action_time": "2017-10-24T13:39:32Z", "user": 1, "content_type": 22, "object_id": "1", "object_repr": "First data are online!", "action_flag": 1, "change_message": "[{\"added\": {}}]"}}, {"model": "admin.logentry", "pk": 168, "fields": {"action_time": "2017-10-25T08:15:20Z", "user": 1, "content_type": 4, "object_id": "2", "object_repr": "pandorfer", "action_flag": 1, "change_message": "[{\"added\": {}}]"}}, {"model": "admin.logentry", "pk": 169, "fields": {"action_time": "2017-10-25T08:15:29Z", "user": 1, "content_type": 4, "object_id": "2", "object_repr": "pandorfer", "action_flag": 2, "change_message": "[{\"changed\": {\"fields\": [\"is_staff\", \"is_superuser\"]}}]"}}, {"model": "admin.logentry", "pk": 170, "fields": {"action_time": "2017-10-25T16:30:44Z", "user": 1, "content_type": 23, "object_id": "193", "object_repr": "du", "action_flag": 1, "change_message": "[{\"added\": {}}]"}}, {"model": "admin.logentry", "pk": 171, "fields": {"action_time": "2017-10-25T16:32:04Z", "user": 1, "content_type": 24, "object_id": "194", "object_repr": "you", "action_flag": 1, "change_message": "[{\"added\": {}}]"}}, {"model": "admin.logentry", "pk": 172, "fields": {"action_time": "2017-10-26T15:55:24Z", "user": 1, "content_type": 23, "object_id": "195", "object_repr": "k\u00f6nnen", "action_flag": 1, "change_message": "[{\"added\": {}}]"}}, {"model": "admin.logentry", "pk": 173, "fields": {"action_time": "2017-10-26T15:56:11Z", "user": 1, "content_type": 24, "object_id": "196", "object_repr": "can", "action_flag": 1, "change_message": "[{\"added\": {}}]"}}, {"model": "admin.logentry", "pk": 174, "fields": {"action_time": "2017-10-26T15:58:32Z", "user": 1, "content_type": 23, "object_id": "197", "object_repr": "laufen", "action_flag": 1, "change_message": "[{\"added\": {}}]"}}, {"model": "admin.logentry", "pk": 175, "fields": {"action_time": "2017-10-26T15:59:07Z", "user": 1, "content_type": 24, "object_id": "198", "object_repr": "run", "action_flag": 1, "change_message": "[{\"added\": {}}]"}}, {"model": "admin.logentry", "pk": 176, "fields": {"action_time": "2017-10-26T15:59:44Z", "user": 1, "content_type": 23, "object_id": "197", "object_repr": "fliehen", "action_flag": 2, "change_message": "[{\"changed\": {\"fields\": [\"lemma\", \"url\"]}}]"}}, {"model": "admin.logentry", "pk": 177, "fields": {"action_time": "2017-10-26T16:01:11Z", "user": 1, "content_type": 23, "object_id": "199", "object_repr": "aber", "action_flag": 1, "change_message": "[{\"added\": {}}]"}}, {"model": "admin.logentry", "pk": 178, "fields": {"action_time": "2017-10-26T16:01:33Z", "user": 1, "content_type": 24, "object_id": "200", "object_repr": "but", "action_flag": 1, "change_message": "[{\"added\": {}}]"}}, {"model": "admin.logentry", "pk": 179, "fields": {"action_time": "2017-10-26T16:03:50Z", "user": 1, "content_type": 23, "object_id": "201", "object_repr": "verstecken", "action_flag": 1, "change_message": "[{\"added\": {}}]"}}, {"model": "admin.logentry", "pk": 180, "fields": {"action_time": "2017-10-26T16:04:14Z", "user": 1, "content_type": 24, "object_id": "202", "object_repr": "hide", "action_flag": 1, "change_message": "[{\"added\": {}}]"}}, {"model": "admin.logentry", "pk": 181, "fields": {"action_time": "2017-10-26T16:05:18Z", "user": 1, "content_type": 23, "object_id": "203", "object_repr": "nicht", "action_flag": 1, "change_message": "[{\"added\": {}}]"}}, {"model": "admin.logentry", "pk": 182, "fields": {"action_time": "2017-10-26T16:05:42Z", "user": 1, "content_type": 24, "object_id": "204", "object_repr": "not", "action_flag": 1, "change_message": "[{\"added\": {}}]"}}, {"model": "admin.logentry", "pk": 183, "fields": {"action_time": "2017-10-26T16:07:04Z", "user": 1, "content_type": 23, "object_id": "205", "object_repr": "das", "action_flag": 1, "change_message": "[{\"added\": {}}]"}}, {"model": "admin.logentry", "pk": 184, "fields": {"action_time": "2017-10-26T16:07:32Z", "user": 1, "content_type": 24, "object_id": "206", "object_repr": "the", "action_flag": 1, "change_message": "[{\"added\": {}}]"}}, {"model": "admin.logentry", "pk": 185, "fields": {"action_time": "2017-10-26T16:08:31Z", "user": 1, "content_type": 23, "object_id": "207", "object_repr": "Ende", "action_flag": 1, "change_message": "[{\"added\": {}}]"}}, {"model": "admin.logentry", "pk": 186, "fields": {"action_time": "2017-10-26T16:08:56Z", "user": 1, "content_type": 24, "object_id": "208", "object_repr": "end", "action_flag": 1, "change_message": "[{\"added\": {}}]"}}, {"model": "admin.logentry", "pk": 187, "fields": {"action_time": "2017-10-26T16:10:27Z", "user": 1, "content_type": 23, "object_id": "209", "object_repr": "M\u00e4dchen", "action_flag": 1, "change_message": "[{\"added\": {}}]"}}, {"model": "admin.logentry", "pk": 188, "fields": {"action_time": "2017-10-26T16:11:09Z", "user": 1, "content_type": 24, "object_id": "210", "object_repr": "girl", "action_flag": 1, "change_message": "[{\"added\": {}}]"}}, {"model": "admin.logentry", "pk": 189, "fields": {"action_time": "2017-10-26T16:14:13Z", "user": 1, "content_type": 23, "object_id": "211", "object_repr": "Liebling", "action_flag": 1, "change_message": "[{\"added\": {}}]"}}, {"model": "admin.logentry", "pk": 190, "fields": {"action_time": "2017-10-26T16:44:55Z", "user": 1, "content_type": 24, "object_id": "212", "object_repr": "sweetheart", "action_flag": 1, "change_message": "[{\"added\": {}}]"}}, {"model": "admin.logentry", "pk": 191, "fields": {"action_time": "2017-10-26T16:45:22Z", "user": 1, "content_type": 24, "object_id": "212", "object_repr": "sweetheart", "action_flag": 2, "change_message": "[]"}}, {"model": "admin.logentry", "pk": 192, "fields": {"action_time": "2017-10-26T16:47:04Z", "user": 1, "content_type": 23, "object_id": "213", "object_repr": "Band", "action_flag": 1, "change_message": "[{\"added\": {}}]"}}, {"model": "admin.logentry", "pk": 193, "fields": {"action_time": "2017-10-26T16:49:01Z", "user": 1, "content_type": 24, "object_id": "214", "object_repr": "tape", "action_flag": 1, "change_message": "[{\"added\": {}}]"}}, {"model": "admin.logentry", "pk": 194, "fields": {"action_time": "2017-10-26T16:50:56Z", "user": 1, "content_type": 23, "object_id": "215", "object_repr": "Cape", "action_flag": 1, "change_message": "[{\"added\": {}}]"}}, {"model": "admin.logentry", "pk": 195, "fields": {"action_time": "2017-10-26T16:51:04Z", "user": 1, "content_type": 23, "object_id": "213", "object_repr": "Band", "action_flag": 2, "change_message": "[{\"changed\": {\"fields\": [\"url\"]}}]"}}, {"model": "admin.logentry", "pk": 196, "fields": {"action_time": "2017-10-26T16:51:31Z", "user": 1, "content_type": 24, "object_id": "216", "object_repr": "cape", "action_flag": 1, "change_message": "[{\"added\": {}}]"}}, {"model": "admin.logentry", "pk": 197, "fields": {"action_time": "2017-10-26T16:55:02Z", "user": 1, "content_type": 23, "object_id": "217", "object_repr": "nein", "action_flag": 1, "change_message": "[{\"added\": {}}]"}}, {"model": "admin.logentry", "pk": 198, "fields": {"action_time": "2017-10-26T16:56:05Z", "user": 1, "content_type": 24, "object_id": "218", "object_repr": "non", "action_flag": 1, "change_message": "[{\"added\": {}}]"}}]